-- phpMyAdmin SQL Dump
-- version 5.2.1
-- https://www.phpmyadmin.net/
--
-- Хост: localhost
-- Час створення: Лис 12 2024 р., 14:32
-- Версія сервера: 5.7.41
-- Версія PHP: 7.3.33

SET SQL_MODE = "NO_AUTO_VALUE_ON_ZERO";
START TRANSACTION;
SET time_zone = "+00:00";


/*!40101 SET @OLD_CHARACTER_SET_CLIENT=@@CHARACTER_SET_CLIENT */;
/*!40101 SET @OLD_CHARACTER_SET_RESULTS=@@CHARACTER_SET_RESULTS */;
/*!40101 SET @OLD_COLLATION_CONNECTION=@@COLLATION_CONNECTION */;
/*!40101 SET NAMES utf8mb4 */;

--
-- База даних: `kuhar_lara11`
--

-- --------------------------------------------------------

--
-- Структура таблиці `cache`
--

CREATE TABLE `cache` (
  `key` varchar(255) COLLATE utf8mb4_unicode_ci NOT NULL,
  `value` mediumtext COLLATE utf8mb4_unicode_ci NOT NULL,
  `expiration` int(11) NOT NULL
) ENGINE=InnoDB DEFAULT CHARSET=utf8mb4 COLLATE=utf8mb4_unicode_ci;

--
-- Дамп даних таблиці `cache`
--

INSERT INTO `cache` (`key`, `value`, `expiration`) VALUES
('a6cf3449fbccdc26d9aeadb6f26b8c25', 'i:1;', 1731414503),
('a6cf3449fbccdc26d9aeadb6f26b8c25:timer', 'i:1731414503;', 1731414503),
('voyager_menu_admin', 'O:23:\"TCG\\Voyager\\Models\\Menu\":30:{s:13:\"\0*\0connection\";s:5:\"mysql\";s:8:\"\0*\0table\";s:5:\"menus\";s:13:\"\0*\0primaryKey\";s:2:\"id\";s:10:\"\0*\0keyType\";s:3:\"int\";s:12:\"incrementing\";b:1;s:7:\"\0*\0with\";a:0:{}s:12:\"\0*\0withCount\";a:0:{}s:19:\"preventsLazyLoading\";b:0;s:10:\"\0*\0perPage\";i:15;s:6:\"exists\";b:1;s:18:\"wasRecentlyCreated\";b:0;s:28:\"\0*\0escapeWhenCastingToString\";b:0;s:13:\"\0*\0attributes\";a:4:{s:2:\"id\";i:1;s:4:\"name\";s:5:\"admin\";s:10:\"created_at\";s:19:\"2024-11-12 12:26:09\";s:10:\"updated_at\";s:19:\"2024-11-12 12:26:09\";}s:11:\"\0*\0original\";a:4:{s:2:\"id\";i:1;s:4:\"name\";s:5:\"admin\";s:10:\"created_at\";s:19:\"2024-11-12 12:26:09\";s:10:\"updated_at\";s:19:\"2024-11-12 12:26:09\";}s:10:\"\0*\0changes\";a:0:{}s:8:\"\0*\0casts\";a:0:{}s:17:\"\0*\0classCastCache\";a:0:{}s:21:\"\0*\0attributeCastCache\";a:0:{}s:13:\"\0*\0dateFormat\";N;s:10:\"\0*\0appends\";a:0:{}s:19:\"\0*\0dispatchesEvents\";a:0:{}s:14:\"\0*\0observables\";a:0:{}s:12:\"\0*\0relations\";a:1:{s:12:\"parent_items\";O:39:\"Illuminate\\Database\\Eloquent\\Collection\":2:{s:8:\"\0*\0items\";a:9:{i:0;O:27:\"TCG\\Voyager\\Models\\MenuItem\":32:{s:13:\"\0*\0connection\";s:5:\"mysql\";s:8:\"\0*\0table\";s:10:\"menu_items\";s:13:\"\0*\0primaryKey\";s:2:\"id\";s:10:\"\0*\0keyType\";s:3:\"int\";s:12:\"incrementing\";b:1;s:7:\"\0*\0with\";a:0:{}s:12:\"\0*\0withCount\";a:0:{}s:19:\"preventsLazyLoading\";b:0;s:10:\"\0*\0perPage\";i:15;s:6:\"exists\";b:1;s:18:\"wasRecentlyCreated\";b:0;s:28:\"\0*\0escapeWhenCastingToString\";b:0;s:13:\"\0*\0attributes\";a:13:{s:2:\"id\";i:1;s:7:\"menu_id\";i:1;s:5:\"title\";s:9:\"Dashboard\";s:3:\"url\";s:0:\"\";s:6:\"target\";s:5:\"_self\";s:10:\"icon_class\";s:12:\"voyager-boat\";s:5:\"color\";N;s:9:\"parent_id\";N;s:5:\"order\";i:1;s:10:\"created_at\";s:19:\"2024-11-12 12:26:09\";s:10:\"updated_at\";s:19:\"2024-11-12 12:26:09\";s:5:\"route\";s:17:\"voyager.dashboard\";s:10:\"parameters\";N;}s:11:\"\0*\0original\";a:13:{s:2:\"id\";i:1;s:7:\"menu_id\";i:1;s:5:\"title\";s:9:\"Dashboard\";s:3:\"url\";s:0:\"\";s:6:\"target\";s:5:\"_self\";s:10:\"icon_class\";s:12:\"voyager-boat\";s:5:\"color\";N;s:9:\"parent_id\";N;s:5:\"order\";i:1;s:10:\"created_at\";s:19:\"2024-11-12 12:26:09\";s:10:\"updated_at\";s:19:\"2024-11-12 12:26:09\";s:5:\"route\";s:17:\"voyager.dashboard\";s:10:\"parameters\";N;}s:10:\"\0*\0changes\";a:0:{}s:8:\"\0*\0casts\";a:0:{}s:17:\"\0*\0classCastCache\";a:0:{}s:21:\"\0*\0attributeCastCache\";a:0:{}s:13:\"\0*\0dateFormat\";N;s:10:\"\0*\0appends\";a:0:{}s:19:\"\0*\0dispatchesEvents\";a:0:{}s:14:\"\0*\0observables\";a:0:{}s:12:\"\0*\0relations\";a:1:{s:8:\"children\";O:39:\"Illuminate\\Database\\Eloquent\\Collection\":2:{s:8:\"\0*\0items\";a:0:{}s:28:\"\0*\0escapeWhenCastingToString\";b:0;}}s:10:\"\0*\0touches\";a:0:{}s:10:\"timestamps\";b:1;s:13:\"usesUniqueIds\";b:0;s:9:\"\0*\0hidden\";a:0:{}s:10:\"\0*\0visible\";a:0:{}s:11:\"\0*\0fillable\";a:0:{}s:10:\"\0*\0guarded\";a:0:{}s:20:\"\0*\0translatorMethods\";a:1:{s:4:\"link\";s:14:\"translatorLink\";}s:15:\"\0*\0translatable\";a:1:{i:0;s:5:\"title\";}}i:1;O:27:\"TCG\\Voyager\\Models\\MenuItem\":32:{s:13:\"\0*\0connection\";s:5:\"mysql\";s:8:\"\0*\0table\";s:10:\"menu_items\";s:13:\"\0*\0primaryKey\";s:2:\"id\";s:10:\"\0*\0keyType\";s:3:\"int\";s:12:\"incrementing\";b:1;s:7:\"\0*\0with\";a:0:{}s:12:\"\0*\0withCount\";a:0:{}s:19:\"preventsLazyLoading\";b:0;s:10:\"\0*\0perPage\";i:15;s:6:\"exists\";b:1;s:18:\"wasRecentlyCreated\";b:0;s:28:\"\0*\0escapeWhenCastingToString\";b:0;s:13:\"\0*\0attributes\";a:13:{s:2:\"id\";i:2;s:7:\"menu_id\";i:1;s:5:\"title\";s:5:\"Media\";s:3:\"url\";s:0:\"\";s:6:\"target\";s:5:\"_self\";s:10:\"icon_class\";s:14:\"voyager-images\";s:5:\"color\";N;s:9:\"parent_id\";N;s:5:\"order\";i:5;s:10:\"created_at\";s:19:\"2024-11-12 12:26:09\";s:10:\"updated_at\";s:19:\"2024-11-12 12:26:09\";s:5:\"route\";s:19:\"voyager.media.index\";s:10:\"parameters\";N;}s:11:\"\0*\0original\";a:13:{s:2:\"id\";i:2;s:7:\"menu_id\";i:1;s:5:\"title\";s:5:\"Media\";s:3:\"url\";s:0:\"\";s:6:\"target\";s:5:\"_self\";s:10:\"icon_class\";s:14:\"voyager-images\";s:5:\"color\";N;s:9:\"parent_id\";N;s:5:\"order\";i:5;s:10:\"created_at\";s:19:\"2024-11-12 12:26:09\";s:10:\"updated_at\";s:19:\"2024-11-12 12:26:09\";s:5:\"route\";s:19:\"voyager.media.index\";s:10:\"parameters\";N;}s:10:\"\0*\0changes\";a:0:{}s:8:\"\0*\0casts\";a:0:{}s:17:\"\0*\0classCastCache\";a:0:{}s:21:\"\0*\0attributeCastCache\";a:0:{}s:13:\"\0*\0dateFormat\";N;s:10:\"\0*\0appends\";a:0:{}s:19:\"\0*\0dispatchesEvents\";a:0:{}s:14:\"\0*\0observables\";a:0:{}s:12:\"\0*\0relations\";a:1:{s:8:\"children\";O:39:\"Illuminate\\Database\\Eloquent\\Collection\":2:{s:8:\"\0*\0items\";a:0:{}s:28:\"\0*\0escapeWhenCastingToString\";b:0;}}s:10:\"\0*\0touches\";a:0:{}s:10:\"timestamps\";b:1;s:13:\"usesUniqueIds\";b:0;s:9:\"\0*\0hidden\";a:0:{}s:10:\"\0*\0visible\";a:0:{}s:11:\"\0*\0fillable\";a:0:{}s:10:\"\0*\0guarded\";a:0:{}s:20:\"\0*\0translatorMethods\";a:1:{s:4:\"link\";s:14:\"translatorLink\";}s:15:\"\0*\0translatable\";a:1:{i:0;s:5:\"title\";}}i:2;O:27:\"TCG\\Voyager\\Models\\MenuItem\":32:{s:13:\"\0*\0connection\";s:5:\"mysql\";s:8:\"\0*\0table\";s:10:\"menu_items\";s:13:\"\0*\0primaryKey\";s:2:\"id\";s:10:\"\0*\0keyType\";s:3:\"int\";s:12:\"incrementing\";b:1;s:7:\"\0*\0with\";a:0:{}s:12:\"\0*\0withCount\";a:0:{}s:19:\"preventsLazyLoading\";b:0;s:10:\"\0*\0perPage\";i:15;s:6:\"exists\";b:1;s:18:\"wasRecentlyCreated\";b:0;s:28:\"\0*\0escapeWhenCastingToString\";b:0;s:13:\"\0*\0attributes\";a:13:{s:2:\"id\";i:3;s:7:\"menu_id\";i:1;s:5:\"title\";s:5:\"Users\";s:3:\"url\";s:0:\"\";s:6:\"target\";s:5:\"_self\";s:10:\"icon_class\";s:14:\"voyager-person\";s:5:\"color\";N;s:9:\"parent_id\";N;s:5:\"order\";i:3;s:10:\"created_at\";s:19:\"2024-11-12 12:26:09\";s:10:\"updated_at\";s:19:\"2024-11-12 12:26:09\";s:5:\"route\";s:19:\"voyager.users.index\";s:10:\"parameters\";N;}s:11:\"\0*\0original\";a:13:{s:2:\"id\";i:3;s:7:\"menu_id\";i:1;s:5:\"title\";s:5:\"Users\";s:3:\"url\";s:0:\"\";s:6:\"target\";s:5:\"_self\";s:10:\"icon_class\";s:14:\"voyager-person\";s:5:\"color\";N;s:9:\"parent_id\";N;s:5:\"order\";i:3;s:10:\"created_at\";s:19:\"2024-11-12 12:26:09\";s:10:\"updated_at\";s:19:\"2024-11-12 12:26:09\";s:5:\"route\";s:19:\"voyager.users.index\";s:10:\"parameters\";N;}s:10:\"\0*\0changes\";a:0:{}s:8:\"\0*\0casts\";a:0:{}s:17:\"\0*\0classCastCache\";a:0:{}s:21:\"\0*\0attributeCastCache\";a:0:{}s:13:\"\0*\0dateFormat\";N;s:10:\"\0*\0appends\";a:0:{}s:19:\"\0*\0dispatchesEvents\";a:0:{}s:14:\"\0*\0observables\";a:0:{}s:12:\"\0*\0relations\";a:1:{s:8:\"children\";O:39:\"Illuminate\\Database\\Eloquent\\Collection\":2:{s:8:\"\0*\0items\";a:0:{}s:28:\"\0*\0escapeWhenCastingToString\";b:0;}}s:10:\"\0*\0touches\";a:0:{}s:10:\"timestamps\";b:1;s:13:\"usesUniqueIds\";b:0;s:9:\"\0*\0hidden\";a:0:{}s:10:\"\0*\0visible\";a:0:{}s:11:\"\0*\0fillable\";a:0:{}s:10:\"\0*\0guarded\";a:0:{}s:20:\"\0*\0translatorMethods\";a:1:{s:4:\"link\";s:14:\"translatorLink\";}s:15:\"\0*\0translatable\";a:1:{i:0;s:5:\"title\";}}i:3;O:27:\"TCG\\Voyager\\Models\\MenuItem\":32:{s:13:\"\0*\0connection\";s:5:\"mysql\";s:8:\"\0*\0table\";s:10:\"menu_items\";s:13:\"\0*\0primaryKey\";s:2:\"id\";s:10:\"\0*\0keyType\";s:3:\"int\";s:12:\"incrementing\";b:1;s:7:\"\0*\0with\";a:0:{}s:12:\"\0*\0withCount\";a:0:{}s:19:\"preventsLazyLoading\";b:0;s:10:\"\0*\0perPage\";i:15;s:6:\"exists\";b:1;s:18:\"wasRecentlyCreated\";b:0;s:28:\"\0*\0escapeWhenCastingToString\";b:0;s:13:\"\0*\0attributes\";a:13:{s:2:\"id\";i:4;s:7:\"menu_id\";i:1;s:5:\"title\";s:5:\"Roles\";s:3:\"url\";s:0:\"\";s:6:\"target\";s:5:\"_self\";s:10:\"icon_class\";s:12:\"voyager-lock\";s:5:\"color\";N;s:9:\"parent_id\";N;s:5:\"order\";i:2;s:10:\"created_at\";s:19:\"2024-11-12 12:26:10\";s:10:\"updated_at\";s:19:\"2024-11-12 12:26:10\";s:5:\"route\";s:19:\"voyager.roles.index\";s:10:\"parameters\";N;}s:11:\"\0*\0original\";a:13:{s:2:\"id\";i:4;s:7:\"menu_id\";i:1;s:5:\"title\";s:5:\"Roles\";s:3:\"url\";s:0:\"\";s:6:\"target\";s:5:\"_self\";s:10:\"icon_class\";s:12:\"voyager-lock\";s:5:\"color\";N;s:9:\"parent_id\";N;s:5:\"order\";i:2;s:10:\"created_at\";s:19:\"2024-11-12 12:26:10\";s:10:\"updated_at\";s:19:\"2024-11-12 12:26:10\";s:5:\"route\";s:19:\"voyager.roles.index\";s:10:\"parameters\";N;}s:10:\"\0*\0changes\";a:0:{}s:8:\"\0*\0casts\";a:0:{}s:17:\"\0*\0classCastCache\";a:0:{}s:21:\"\0*\0attributeCastCache\";a:0:{}s:13:\"\0*\0dateFormat\";N;s:10:\"\0*\0appends\";a:0:{}s:19:\"\0*\0dispatchesEvents\";a:0:{}s:14:\"\0*\0observables\";a:0:{}s:12:\"\0*\0relations\";a:1:{s:8:\"children\";O:39:\"Illuminate\\Database\\Eloquent\\Collection\":2:{s:8:\"\0*\0items\";a:0:{}s:28:\"\0*\0escapeWhenCastingToString\";b:0;}}s:10:\"\0*\0touches\";a:0:{}s:10:\"timestamps\";b:1;s:13:\"usesUniqueIds\";b:0;s:9:\"\0*\0hidden\";a:0:{}s:10:\"\0*\0visible\";a:0:{}s:11:\"\0*\0fillable\";a:0:{}s:10:\"\0*\0guarded\";a:0:{}s:20:\"\0*\0translatorMethods\";a:1:{s:4:\"link\";s:14:\"translatorLink\";}s:15:\"\0*\0translatable\";a:1:{i:0;s:5:\"title\";}}i:4;O:27:\"TCG\\Voyager\\Models\\MenuItem\":32:{s:13:\"\0*\0connection\";s:5:\"mysql\";s:8:\"\0*\0table\";s:10:\"menu_items\";s:13:\"\0*\0primaryKey\";s:2:\"id\";s:10:\"\0*\0keyType\";s:3:\"int\";s:12:\"incrementing\";b:1;s:7:\"\0*\0with\";a:0:{}s:12:\"\0*\0withCount\";a:0:{}s:19:\"preventsLazyLoading\";b:0;s:10:\"\0*\0perPage\";i:15;s:6:\"exists\";b:1;s:18:\"wasRecentlyCreated\";b:0;s:28:\"\0*\0escapeWhenCastingToString\";b:0;s:13:\"\0*\0attributes\";a:13:{s:2:\"id\";i:5;s:7:\"menu_id\";i:1;s:5:\"title\";s:5:\"Tools\";s:3:\"url\";s:0:\"\";s:6:\"target\";s:5:\"_self\";s:10:\"icon_class\";s:13:\"voyager-tools\";s:5:\"color\";N;s:9:\"parent_id\";N;s:5:\"order\";i:9;s:10:\"created_at\";s:19:\"2024-11-12 12:26:10\";s:10:\"updated_at\";s:19:\"2024-11-12 12:26:10\";s:5:\"route\";N;s:10:\"parameters\";N;}s:11:\"\0*\0original\";a:13:{s:2:\"id\";i:5;s:7:\"menu_id\";i:1;s:5:\"title\";s:5:\"Tools\";s:3:\"url\";s:0:\"\";s:6:\"target\";s:5:\"_self\";s:10:\"icon_class\";s:13:\"voyager-tools\";s:5:\"color\";N;s:9:\"parent_id\";N;s:5:\"order\";i:9;s:10:\"created_at\";s:19:\"2024-11-12 12:26:10\";s:10:\"updated_at\";s:19:\"2024-11-12 12:26:10\";s:5:\"route\";N;s:10:\"parameters\";N;}s:10:\"\0*\0changes\";a:0:{}s:8:\"\0*\0casts\";a:0:{}s:17:\"\0*\0classCastCache\";a:0:{}s:21:\"\0*\0attributeCastCache\";a:0:{}s:13:\"\0*\0dateFormat\";N;s:10:\"\0*\0appends\";a:0:{}s:19:\"\0*\0dispatchesEvents\";a:0:{}s:14:\"\0*\0observables\";a:0:{}s:12:\"\0*\0relations\";a:1:{s:8:\"children\";O:39:\"Illuminate\\Database\\Eloquent\\Collection\":2:{s:8:\"\0*\0items\";a:4:{i:0;O:27:\"TCG\\Voyager\\Models\\MenuItem\":32:{s:13:\"\0*\0connection\";s:5:\"mysql\";s:8:\"\0*\0table\";s:10:\"menu_items\";s:13:\"\0*\0primaryKey\";s:2:\"id\";s:10:\"\0*\0keyType\";s:3:\"int\";s:12:\"incrementing\";b:1;s:7:\"\0*\0with\";a:0:{}s:12:\"\0*\0withCount\";a:0:{}s:19:\"preventsLazyLoading\";b:0;s:10:\"\0*\0perPage\";i:15;s:6:\"exists\";b:1;s:18:\"wasRecentlyCreated\";b:0;s:28:\"\0*\0escapeWhenCastingToString\";b:0;s:13:\"\0*\0attributes\";a:13:{s:2:\"id\";i:6;s:7:\"menu_id\";i:1;s:5:\"title\";s:12:\"Menu Builder\";s:3:\"url\";s:0:\"\";s:6:\"target\";s:5:\"_self\";s:10:\"icon_class\";s:12:\"voyager-list\";s:5:\"color\";N;s:9:\"parent_id\";i:5;s:5:\"order\";i:10;s:10:\"created_at\";s:19:\"2024-11-12 12:26:10\";s:10:\"updated_at\";s:19:\"2024-11-12 12:26:10\";s:5:\"route\";s:19:\"voyager.menus.index\";s:10:\"parameters\";N;}s:11:\"\0*\0original\";a:13:{s:2:\"id\";i:6;s:7:\"menu_id\";i:1;s:5:\"title\";s:12:\"Menu Builder\";s:3:\"url\";s:0:\"\";s:6:\"target\";s:5:\"_self\";s:10:\"icon_class\";s:12:\"voyager-list\";s:5:\"color\";N;s:9:\"parent_id\";i:5;s:5:\"order\";i:10;s:10:\"created_at\";s:19:\"2024-11-12 12:26:10\";s:10:\"updated_at\";s:19:\"2024-11-12 12:26:10\";s:5:\"route\";s:19:\"voyager.menus.index\";s:10:\"parameters\";N;}s:10:\"\0*\0changes\";a:0:{}s:8:\"\0*\0casts\";a:0:{}s:17:\"\0*\0classCastCache\";a:0:{}s:21:\"\0*\0attributeCastCache\";a:0:{}s:13:\"\0*\0dateFormat\";N;s:10:\"\0*\0appends\";a:0:{}s:19:\"\0*\0dispatchesEvents\";a:0:{}s:14:\"\0*\0observables\";a:0:{}s:12:\"\0*\0relations\";a:1:{s:8:\"children\";O:39:\"Illuminate\\Database\\Eloquent\\Collection\":2:{s:8:\"\0*\0items\";a:0:{}s:28:\"\0*\0escapeWhenCastingToString\";b:0;}}s:10:\"\0*\0touches\";a:0:{}s:10:\"timestamps\";b:1;s:13:\"usesUniqueIds\";b:0;s:9:\"\0*\0hidden\";a:0:{}s:10:\"\0*\0visible\";a:0:{}s:11:\"\0*\0fillable\";a:0:{}s:10:\"\0*\0guarded\";a:0:{}s:20:\"\0*\0translatorMethods\";a:1:{s:4:\"link\";s:14:\"translatorLink\";}s:15:\"\0*\0translatable\";a:1:{i:0;s:5:\"title\";}}i:1;O:27:\"TCG\\Voyager\\Models\\MenuItem\":32:{s:13:\"\0*\0connection\";s:5:\"mysql\";s:8:\"\0*\0table\";s:10:\"menu_items\";s:13:\"\0*\0primaryKey\";s:2:\"id\";s:10:\"\0*\0keyType\";s:3:\"int\";s:12:\"incrementing\";b:1;s:7:\"\0*\0with\";a:0:{}s:12:\"\0*\0withCount\";a:0:{}s:19:\"preventsLazyLoading\";b:0;s:10:\"\0*\0perPage\";i:15;s:6:\"exists\";b:1;s:18:\"wasRecentlyCreated\";b:0;s:28:\"\0*\0escapeWhenCastingToString\";b:0;s:13:\"\0*\0attributes\";a:13:{s:2:\"id\";i:7;s:7:\"menu_id\";i:1;s:5:\"title\";s:8:\"Database\";s:3:\"url\";s:0:\"\";s:6:\"target\";s:5:\"_self\";s:10:\"icon_class\";s:12:\"voyager-data\";s:5:\"color\";N;s:9:\"parent_id\";i:5;s:5:\"order\";i:11;s:10:\"created_at\";s:19:\"2024-11-12 12:26:10\";s:10:\"updated_at\";s:19:\"2024-11-12 12:26:10\";s:5:\"route\";s:22:\"voyager.database.index\";s:10:\"parameters\";N;}s:11:\"\0*\0original\";a:13:{s:2:\"id\";i:7;s:7:\"menu_id\";i:1;s:5:\"title\";s:8:\"Database\";s:3:\"url\";s:0:\"\";s:6:\"target\";s:5:\"_self\";s:10:\"icon_class\";s:12:\"voyager-data\";s:5:\"color\";N;s:9:\"parent_id\";i:5;s:5:\"order\";i:11;s:10:\"created_at\";s:19:\"2024-11-12 12:26:10\";s:10:\"updated_at\";s:19:\"2024-11-12 12:26:10\";s:5:\"route\";s:22:\"voyager.database.index\";s:10:\"parameters\";N;}s:10:\"\0*\0changes\";a:0:{}s:8:\"\0*\0casts\";a:0:{}s:17:\"\0*\0classCastCache\";a:0:{}s:21:\"\0*\0attributeCastCache\";a:0:{}s:13:\"\0*\0dateFormat\";N;s:10:\"\0*\0appends\";a:0:{}s:19:\"\0*\0dispatchesEvents\";a:0:{}s:14:\"\0*\0observables\";a:0:{}s:12:\"\0*\0relations\";a:1:{s:8:\"children\";O:39:\"Illuminate\\Database\\Eloquent\\Collection\":2:{s:8:\"\0*\0items\";a:0:{}s:28:\"\0*\0escapeWhenCastingToString\";b:0;}}s:10:\"\0*\0touches\";a:0:{}s:10:\"timestamps\";b:1;s:13:\"usesUniqueIds\";b:0;s:9:\"\0*\0hidden\";a:0:{}s:10:\"\0*\0visible\";a:0:{}s:11:\"\0*\0fillable\";a:0:{}s:10:\"\0*\0guarded\";a:0:{}s:20:\"\0*\0translatorMethods\";a:1:{s:4:\"link\";s:14:\"translatorLink\";}s:15:\"\0*\0translatable\";a:1:{i:0;s:5:\"title\";}}i:2;O:27:\"TCG\\Voyager\\Models\\MenuItem\":32:{s:13:\"\0*\0connection\";s:5:\"mysql\";s:8:\"\0*\0table\";s:10:\"menu_items\";s:13:\"\0*\0primaryKey\";s:2:\"id\";s:10:\"\0*\0keyType\";s:3:\"int\";s:12:\"incrementing\";b:1;s:7:\"\0*\0with\";a:0:{}s:12:\"\0*\0withCount\";a:0:{}s:19:\"preventsLazyLoading\";b:0;s:10:\"\0*\0perPage\";i:15;s:6:\"exists\";b:1;s:18:\"wasRecentlyCreated\";b:0;s:28:\"\0*\0escapeWhenCastingToString\";b:0;s:13:\"\0*\0attributes\";a:13:{s:2:\"id\";i:8;s:7:\"menu_id\";i:1;s:5:\"title\";s:7:\"Compass\";s:3:\"url\";s:0:\"\";s:6:\"target\";s:5:\"_self\";s:10:\"icon_class\";s:15:\"voyager-compass\";s:5:\"color\";N;s:9:\"parent_id\";i:5;s:5:\"order\";i:12;s:10:\"created_at\";s:19:\"2024-11-12 12:26:10\";s:10:\"updated_at\";s:19:\"2024-11-12 12:26:10\";s:5:\"route\";s:21:\"voyager.compass.index\";s:10:\"parameters\";N;}s:11:\"\0*\0original\";a:13:{s:2:\"id\";i:8;s:7:\"menu_id\";i:1;s:5:\"title\";s:7:\"Compass\";s:3:\"url\";s:0:\"\";s:6:\"target\";s:5:\"_self\";s:10:\"icon_class\";s:15:\"voyager-compass\";s:5:\"color\";N;s:9:\"parent_id\";i:5;s:5:\"order\";i:12;s:10:\"created_at\";s:19:\"2024-11-12 12:26:10\";s:10:\"updated_at\";s:19:\"2024-11-12 12:26:10\";s:5:\"route\";s:21:\"voyager.compass.index\";s:10:\"parameters\";N;}s:10:\"\0*\0changes\";a:0:{}s:8:\"\0*\0casts\";a:0:{}s:17:\"\0*\0classCastCache\";a:0:{}s:21:\"\0*\0attributeCastCache\";a:0:{}s:13:\"\0*\0dateFormat\";N;s:10:\"\0*\0appends\";a:0:{}s:19:\"\0*\0dispatchesEvents\";a:0:{}s:14:\"\0*\0observables\";a:0:{}s:12:\"\0*\0relations\";a:1:{s:8:\"children\";O:39:\"Illuminate\\Database\\Eloquent\\Collection\":2:{s:8:\"\0*\0items\";a:0:{}s:28:\"\0*\0escapeWhenCastingToString\";b:0;}}s:10:\"\0*\0touches\";a:0:{}s:10:\"timestamps\";b:1;s:13:\"usesUniqueIds\";b:0;s:9:\"\0*\0hidden\";a:0:{}s:10:\"\0*\0visible\";a:0:{}s:11:\"\0*\0fillable\";a:0:{}s:10:\"\0*\0guarded\";a:0:{}s:20:\"\0*\0translatorMethods\";a:1:{s:4:\"link\";s:14:\"translatorLink\";}s:15:\"\0*\0translatable\";a:1:{i:0;s:5:\"title\";}}i:3;O:27:\"TCG\\Voyager\\Models\\MenuItem\":32:{s:13:\"\0*\0connection\";s:5:\"mysql\";s:8:\"\0*\0table\";s:10:\"menu_items\";s:13:\"\0*\0primaryKey\";s:2:\"id\";s:10:\"\0*\0keyType\";s:3:\"int\";s:12:\"incrementing\";b:1;s:7:\"\0*\0with\";a:0:{}s:12:\"\0*\0withCount\";a:0:{}s:19:\"preventsLazyLoading\";b:0;s:10:\"\0*\0perPage\";i:15;s:6:\"exists\";b:1;s:18:\"wasRecentlyCreated\";b:0;s:28:\"\0*\0escapeWhenCastingToString\";b:0;s:13:\"\0*\0attributes\";a:13:{s:2:\"id\";i:9;s:7:\"menu_id\";i:1;s:5:\"title\";s:5:\"BREAD\";s:3:\"url\";s:0:\"\";s:6:\"target\";s:5:\"_self\";s:10:\"icon_class\";s:13:\"voyager-bread\";s:5:\"color\";N;s:9:\"parent_id\";i:5;s:5:\"order\";i:13;s:10:\"created_at\";s:19:\"2024-11-12 12:26:10\";s:10:\"updated_at\";s:19:\"2024-11-12 12:26:10\";s:5:\"route\";s:19:\"voyager.bread.index\";s:10:\"parameters\";N;}s:11:\"\0*\0original\";a:13:{s:2:\"id\";i:9;s:7:\"menu_id\";i:1;s:5:\"title\";s:5:\"BREAD\";s:3:\"url\";s:0:\"\";s:6:\"target\";s:5:\"_self\";s:10:\"icon_class\";s:13:\"voyager-bread\";s:5:\"color\";N;s:9:\"parent_id\";i:5;s:5:\"order\";i:13;s:10:\"created_at\";s:19:\"2024-11-12 12:26:10\";s:10:\"updated_at\";s:19:\"2024-11-12 12:26:10\";s:5:\"route\";s:19:\"voyager.bread.index\";s:10:\"parameters\";N;}s:10:\"\0*\0changes\";a:0:{}s:8:\"\0*\0casts\";a:0:{}s:17:\"\0*\0classCastCache\";a:0:{}s:21:\"\0*\0attributeCastCache\";a:0:{}s:13:\"\0*\0dateFormat\";N;s:10:\"\0*\0appends\";a:0:{}s:19:\"\0*\0dispatchesEvents\";a:0:{}s:14:\"\0*\0observables\";a:0:{}s:12:\"\0*\0relations\";a:1:{s:8:\"children\";O:39:\"Illuminate\\Database\\Eloquent\\Collection\":2:{s:8:\"\0*\0items\";a:0:{}s:28:\"\0*\0escapeWhenCastingToString\";b:0;}}s:10:\"\0*\0touches\";a:0:{}s:10:\"timestamps\";b:1;s:13:\"usesUniqueIds\";b:0;s:9:\"\0*\0hidden\";a:0:{}s:10:\"\0*\0visible\";a:0:{}s:11:\"\0*\0fillable\";a:0:{}s:10:\"\0*\0guarded\";a:0:{}s:20:\"\0*\0translatorMethods\";a:1:{s:4:\"link\";s:14:\"translatorLink\";}s:15:\"\0*\0translatable\";a:1:{i:0;s:5:\"title\";}}}s:28:\"\0*\0escapeWhenCastingToString\";b:0;}}s:10:\"\0*\0touches\";a:0:{}s:10:\"timestamps\";b:1;s:13:\"usesUniqueIds\";b:0;s:9:\"\0*\0hidden\";a:0:{}s:10:\"\0*\0visible\";a:0:{}s:11:\"\0*\0fillable\";a:0:{}s:10:\"\0*\0guarded\";a:0:{}s:20:\"\0*\0translatorMethods\";a:1:{s:4:\"link\";s:14:\"translatorLink\";}s:15:\"\0*\0translatable\";a:1:{i:0;s:5:\"title\";}}i:5;O:27:\"TCG\\Voyager\\Models\\MenuItem\":32:{s:13:\"\0*\0connection\";s:5:\"mysql\";s:8:\"\0*\0table\";s:10:\"menu_items\";s:13:\"\0*\0primaryKey\";s:2:\"id\";s:10:\"\0*\0keyType\";s:3:\"int\";s:12:\"incrementing\";b:1;s:7:\"\0*\0with\";a:0:{}s:12:\"\0*\0withCount\";a:0:{}s:19:\"preventsLazyLoading\";b:0;s:10:\"\0*\0perPage\";i:15;s:6:\"exists\";b:1;s:18:\"wasRecentlyCreated\";b:0;s:28:\"\0*\0escapeWhenCastingToString\";b:0;s:13:\"\0*\0attributes\";a:13:{s:2:\"id\";i:10;s:7:\"menu_id\";i:1;s:5:\"title\";s:8:\"Settings\";s:3:\"url\";s:0:\"\";s:6:\"target\";s:5:\"_self\";s:10:\"icon_class\";s:16:\"voyager-settings\";s:5:\"color\";N;s:9:\"parent_id\";N;s:5:\"order\";i:14;s:10:\"created_at\";s:19:\"2024-11-12 12:26:10\";s:10:\"updated_at\";s:19:\"2024-11-12 12:26:10\";s:5:\"route\";s:22:\"voyager.settings.index\";s:10:\"parameters\";N;}s:11:\"\0*\0original\";a:13:{s:2:\"id\";i:10;s:7:\"menu_id\";i:1;s:5:\"title\";s:8:\"Settings\";s:3:\"url\";s:0:\"\";s:6:\"target\";s:5:\"_self\";s:10:\"icon_class\";s:16:\"voyager-settings\";s:5:\"color\";N;s:9:\"parent_id\";N;s:5:\"order\";i:14;s:10:\"created_at\";s:19:\"2024-11-12 12:26:10\";s:10:\"updated_at\";s:19:\"2024-11-12 12:26:10\";s:5:\"route\";s:22:\"voyager.settings.index\";s:10:\"parameters\";N;}s:10:\"\0*\0changes\";a:0:{}s:8:\"\0*\0casts\";a:0:{}s:17:\"\0*\0classCastCache\";a:0:{}s:21:\"\0*\0attributeCastCache\";a:0:{}s:13:\"\0*\0dateFormat\";N;s:10:\"\0*\0appends\";a:0:{}s:19:\"\0*\0dispatchesEvents\";a:0:{}s:14:\"\0*\0observables\";a:0:{}s:12:\"\0*\0relations\";a:1:{s:8:\"children\";O:39:\"Illuminate\\Database\\Eloquent\\Collection\":2:{s:8:\"\0*\0items\";a:0:{}s:28:\"\0*\0escapeWhenCastingToString\";b:0;}}s:10:\"\0*\0touches\";a:0:{}s:10:\"timestamps\";b:1;s:13:\"usesUniqueIds\";b:0;s:9:\"\0*\0hidden\";a:0:{}s:10:\"\0*\0visible\";a:0:{}s:11:\"\0*\0fillable\";a:0:{}s:10:\"\0*\0guarded\";a:0:{}s:20:\"\0*\0translatorMethods\";a:1:{s:4:\"link\";s:14:\"translatorLink\";}s:15:\"\0*\0translatable\";a:1:{i:0;s:5:\"title\";}}i:6;O:27:\"TCG\\Voyager\\Models\\MenuItem\":32:{s:13:\"\0*\0connection\";s:5:\"mysql\";s:8:\"\0*\0table\";s:10:\"menu_items\";s:13:\"\0*\0primaryKey\";s:2:\"id\";s:10:\"\0*\0keyType\";s:3:\"int\";s:12:\"incrementing\";b:1;s:7:\"\0*\0with\";a:0:{}s:12:\"\0*\0withCount\";a:0:{}s:19:\"preventsLazyLoading\";b:0;s:10:\"\0*\0perPage\";i:15;s:6:\"exists\";b:1;s:18:\"wasRecentlyCreated\";b:0;s:28:\"\0*\0escapeWhenCastingToString\";b:0;s:13:\"\0*\0attributes\";a:13:{s:2:\"id\";i:11;s:7:\"menu_id\";i:1;s:5:\"title\";s:10:\"Categories\";s:3:\"url\";s:0:\"\";s:6:\"target\";s:5:\"_self\";s:10:\"icon_class\";s:18:\"voyager-categories\";s:5:\"color\";N;s:9:\"parent_id\";N;s:5:\"order\";i:8;s:10:\"created_at\";s:19:\"2024-11-12 12:26:13\";s:10:\"updated_at\";s:19:\"2024-11-12 12:26:13\";s:5:\"route\";s:24:\"voyager.categories.index\";s:10:\"parameters\";N;}s:11:\"\0*\0original\";a:13:{s:2:\"id\";i:11;s:7:\"menu_id\";i:1;s:5:\"title\";s:10:\"Categories\";s:3:\"url\";s:0:\"\";s:6:\"target\";s:5:\"_self\";s:10:\"icon_class\";s:18:\"voyager-categories\";s:5:\"color\";N;s:9:\"parent_id\";N;s:5:\"order\";i:8;s:10:\"created_at\";s:19:\"2024-11-12 12:26:13\";s:10:\"updated_at\";s:19:\"2024-11-12 12:26:13\";s:5:\"route\";s:24:\"voyager.categories.index\";s:10:\"parameters\";N;}s:10:\"\0*\0changes\";a:0:{}s:8:\"\0*\0casts\";a:0:{}s:17:\"\0*\0classCastCache\";a:0:{}s:21:\"\0*\0attributeCastCache\";a:0:{}s:13:\"\0*\0dateFormat\";N;s:10:\"\0*\0appends\";a:0:{}s:19:\"\0*\0dispatchesEvents\";a:0:{}s:14:\"\0*\0observables\";a:0:{}s:12:\"\0*\0relations\";a:1:{s:8:\"children\";O:39:\"Illuminate\\Database\\Eloquent\\Collection\":2:{s:8:\"\0*\0items\";a:0:{}s:28:\"\0*\0escapeWhenCastingToString\";b:0;}}s:10:\"\0*\0touches\";a:0:{}s:10:\"timestamps\";b:1;s:13:\"usesUniqueIds\";b:0;s:9:\"\0*\0hidden\";a:0:{}s:10:\"\0*\0visible\";a:0:{}s:11:\"\0*\0fillable\";a:0:{}s:10:\"\0*\0guarded\";a:0:{}s:20:\"\0*\0translatorMethods\";a:1:{s:4:\"link\";s:14:\"translatorLink\";}s:15:\"\0*\0translatable\";a:1:{i:0;s:5:\"title\";}}i:7;O:27:\"TCG\\Voyager\\Models\\MenuItem\":32:{s:13:\"\0*\0connection\";s:5:\"mysql\";s:8:\"\0*\0table\";s:10:\"menu_items\";s:13:\"\0*\0primaryKey\";s:2:\"id\";s:10:\"\0*\0keyType\";s:3:\"int\";s:12:\"incrementing\";b:1;s:7:\"\0*\0with\";a:0:{}s:12:\"\0*\0withCount\";a:0:{}s:19:\"preventsLazyLoading\";b:0;s:10:\"\0*\0perPage\";i:15;s:6:\"exists\";b:1;s:18:\"wasRecentlyCreated\";b:0;s:28:\"\0*\0escapeWhenCastingToString\";b:0;s:13:\"\0*\0attributes\";a:13:{s:2:\"id\";i:12;s:7:\"menu_id\";i:1;s:5:\"title\";s:5:\"Posts\";s:3:\"url\";s:0:\"\";s:6:\"target\";s:5:\"_self\";s:10:\"icon_class\";s:12:\"voyager-news\";s:5:\"color\";N;s:9:\"parent_id\";N;s:5:\"order\";i:6;s:10:\"created_at\";s:19:\"2024-11-12 12:26:15\";s:10:\"updated_at\";s:19:\"2024-11-12 12:26:15\";s:5:\"route\";s:19:\"voyager.posts.index\";s:10:\"parameters\";N;}s:11:\"\0*\0original\";a:13:{s:2:\"id\";i:12;s:7:\"menu_id\";i:1;s:5:\"title\";s:5:\"Posts\";s:3:\"url\";s:0:\"\";s:6:\"target\";s:5:\"_self\";s:10:\"icon_class\";s:12:\"voyager-news\";s:5:\"color\";N;s:9:\"parent_id\";N;s:5:\"order\";i:6;s:10:\"created_at\";s:19:\"2024-11-12 12:26:15\";s:10:\"updated_at\";s:19:\"2024-11-12 12:26:15\";s:5:\"route\";s:19:\"voyager.posts.index\";s:10:\"parameters\";N;}s:10:\"\0*\0changes\";a:0:{}s:8:\"\0*\0casts\";a:0:{}s:17:\"\0*\0classCastCache\";a:0:{}s:21:\"\0*\0attributeCastCache\";a:0:{}s:13:\"\0*\0dateFormat\";N;s:10:\"\0*\0appends\";a:0:{}s:19:\"\0*\0dispatchesEvents\";a:0:{}s:14:\"\0*\0observables\";a:0:{}s:12:\"\0*\0relations\";a:1:{s:8:\"children\";O:39:\"Illuminate\\Database\\Eloquent\\Collection\":2:{s:8:\"\0*\0items\";a:0:{}s:28:\"\0*\0escapeWhenCastingToString\";b:0;}}s:10:\"\0*\0touches\";a:0:{}s:10:\"timestamps\";b:1;s:13:\"usesUniqueIds\";b:0;s:9:\"\0*\0hidden\";a:0:{}s:10:\"\0*\0visible\";a:0:{}s:11:\"\0*\0fillable\";a:0:{}s:10:\"\0*\0guarded\";a:0:{}s:20:\"\0*\0translatorMethods\";a:1:{s:4:\"link\";s:14:\"translatorLink\";}s:15:\"\0*\0translatable\";a:1:{i:0;s:5:\"title\";}}i:8;O:27:\"TCG\\Voyager\\Models\\MenuItem\":32:{s:13:\"\0*\0connection\";s:5:\"mysql\";s:8:\"\0*\0table\";s:10:\"menu_items\";s:13:\"\0*\0primaryKey\";s:2:\"id\";s:10:\"\0*\0keyType\";s:3:\"int\";s:12:\"incrementing\";b:1;s:7:\"\0*\0with\";a:0:{}s:12:\"\0*\0withCount\";a:0:{}s:19:\"preventsLazyLoading\";b:0;s:10:\"\0*\0perPage\";i:15;s:6:\"exists\";b:1;s:18:\"wasRecentlyCreated\";b:0;s:28:\"\0*\0escapeWhenCastingToString\";b:0;s:13:\"\0*\0attributes\";a:13:{s:2:\"id\";i:13;s:7:\"menu_id\";i:1;s:5:\"title\";s:5:\"Pages\";s:3:\"url\";s:0:\"\";s:6:\"target\";s:5:\"_self\";s:10:\"icon_class\";s:17:\"voyager-file-text\";s:5:\"color\";N;s:9:\"parent_id\";N;s:5:\"order\";i:7;s:10:\"created_at\";s:19:\"2024-11-12 12:26:16\";s:10:\"updated_at\";s:19:\"2024-11-12 12:26:16\";s:5:\"route\";s:19:\"voyager.pages.index\";s:10:\"parameters\";N;}s:11:\"\0*\0original\";a:13:{s:2:\"id\";i:13;s:7:\"menu_id\";i:1;s:5:\"title\";s:5:\"Pages\";s:3:\"url\";s:0:\"\";s:6:\"target\";s:5:\"_self\";s:10:\"icon_class\";s:17:\"voyager-file-text\";s:5:\"color\";N;s:9:\"parent_id\";N;s:5:\"order\";i:7;s:10:\"created_at\";s:19:\"2024-11-12 12:26:16\";s:10:\"updated_at\";s:19:\"2024-11-12 12:26:16\";s:5:\"route\";s:19:\"voyager.pages.index\";s:10:\"parameters\";N;}s:10:\"\0*\0changes\";a:0:{}s:8:\"\0*\0casts\";a:0:{}s:17:\"\0*\0classCastCache\";a:0:{}s:21:\"\0*\0attributeCastCache\";a:0:{}s:13:\"\0*\0dateFormat\";N;s:10:\"\0*\0appends\";a:0:{}s:19:\"\0*\0dispatchesEvents\";a:0:{}s:14:\"\0*\0observables\";a:0:{}s:12:\"\0*\0relations\";a:1:{s:8:\"children\";O:39:\"Illuminate\\Database\\Eloquent\\Collection\":2:{s:8:\"\0*\0items\";a:0:{}s:28:\"\0*\0escapeWhenCastingToString\";b:0;}}s:10:\"\0*\0touches\";a:0:{}s:10:\"timestamps\";b:1;s:13:\"usesUniqueIds\";b:0;s:9:\"\0*\0hidden\";a:0:{}s:10:\"\0*\0visible\";a:0:{}s:11:\"\0*\0fillable\";a:0:{}s:10:\"\0*\0guarded\";a:0:{}s:20:\"\0*\0translatorMethods\";a:1:{s:4:\"link\";s:14:\"translatorLink\";}s:15:\"\0*\0translatable\";a:1:{i:0;s:5:\"title\";}}}s:28:\"\0*\0escapeWhenCastingToString\";b:0;}}s:10:\"\0*\0touches\";a:0:{}s:10:\"timestamps\";b:1;s:13:\"usesUniqueIds\";b:0;s:9:\"\0*\0hidden\";a:0:{}s:10:\"\0*\0visible\";a:0:{}s:11:\"\0*\0fillable\";a:0:{}s:10:\"\0*\0guarded\";a:0:{}}', 1734006481);

-- --------------------------------------------------------

--
-- Структура таблиці `cache_locks`
--

CREATE TABLE `cache_locks` (
  `key` varchar(255) COLLATE utf8mb4_unicode_ci NOT NULL,
  `owner` varchar(255) COLLATE utf8mb4_unicode_ci NOT NULL,
  `expiration` int(11) NOT NULL
) ENGINE=InnoDB DEFAULT CHARSET=utf8mb4 COLLATE=utf8mb4_unicode_ci;

-- --------------------------------------------------------

--
-- Структура таблиці `categories`
--

CREATE TABLE `categories` (
  `id` int(10) UNSIGNED NOT NULL,
  `parent_id` int(10) UNSIGNED DEFAULT NULL,
  `order` int(11) NOT NULL DEFAULT '1',
  `name` varchar(255) COLLATE utf8mb4_unicode_ci NOT NULL,
  `slug` varchar(255) COLLATE utf8mb4_unicode_ci NOT NULL,
  `created_at` timestamp NULL DEFAULT NULL,
  `updated_at` timestamp NULL DEFAULT NULL
) ENGINE=InnoDB DEFAULT CHARSET=utf8mb4 COLLATE=utf8mb4_unicode_ci;

--
-- Дамп даних таблиці `categories`
--

INSERT INTO `categories` (`id`, `parent_id`, `order`, `name`, `slug`, `created_at`, `updated_at`) VALUES
(1, NULL, 1, 'Category 1', 'category-1', '2024-11-12 10:26:14', '2024-11-12 10:26:14'),
(2, NULL, 1, 'Category 2', 'category-2', '2024-11-12 10:26:14', '2024-11-12 10:26:14');

-- --------------------------------------------------------

--
-- Структура таблиці `data_rows`
--

CREATE TABLE `data_rows` (
  `id` int(10) UNSIGNED NOT NULL,
  `data_type_id` int(10) UNSIGNED NOT NULL,
  `field` varchar(255) COLLATE utf8mb4_unicode_ci NOT NULL,
  `type` varchar(255) COLLATE utf8mb4_unicode_ci NOT NULL,
  `display_name` varchar(255) COLLATE utf8mb4_unicode_ci NOT NULL,
  `required` tinyint(1) NOT NULL DEFAULT '0',
  `browse` tinyint(1) NOT NULL DEFAULT '1',
  `read` tinyint(1) NOT NULL DEFAULT '1',
  `edit` tinyint(1) NOT NULL DEFAULT '1',
  `add` tinyint(1) NOT NULL DEFAULT '1',
  `delete` tinyint(1) NOT NULL DEFAULT '1',
  `details` text COLLATE utf8mb4_unicode_ci,
  `order` int(11) NOT NULL DEFAULT '1'
) ENGINE=InnoDB DEFAULT CHARSET=utf8mb4 COLLATE=utf8mb4_unicode_ci;

--
-- Дамп даних таблиці `data_rows`
--

INSERT INTO `data_rows` (`id`, `data_type_id`, `field`, `type`, `display_name`, `required`, `browse`, `read`, `edit`, `add`, `delete`, `details`, `order`) VALUES
(1, 1, 'id', 'number', 'ID', 1, 0, 0, 0, 0, 0, NULL, 1),
(2, 1, 'name', 'text', 'Name', 1, 1, 1, 1, 1, 1, NULL, 2),
(3, 1, 'email', 'text', 'Email', 1, 1, 1, 1, 1, 1, NULL, 3),
(4, 1, 'password', 'password', 'Password', 1, 0, 0, 1, 1, 0, NULL, 4),
(5, 1, 'remember_token', 'text', 'Remember Token', 0, 0, 0, 0, 0, 0, NULL, 5),
(6, 1, 'created_at', 'timestamp', 'Created At', 0, 1, 1, 0, 0, 0, NULL, 6),
(7, 1, 'updated_at', 'timestamp', 'Updated At', 0, 0, 0, 0, 0, 0, NULL, 7),
(8, 1, 'avatar', 'image', 'Avatar', 0, 1, 1, 1, 1, 1, NULL, 8),
(9, 1, 'user_belongsto_role_relationship', 'relationship', 'Role', 0, 1, 1, 1, 1, 0, '{\"model\":\"TCG\\\\Voyager\\\\Models\\\\Role\",\"table\":\"roles\",\"type\":\"belongsTo\",\"column\":\"role_id\",\"key\":\"id\",\"label\":\"display_name\",\"pivot_table\":\"roles\",\"pivot\":0}', 10),
(10, 1, 'user_belongstomany_role_relationship', 'relationship', 'Roles', 0, 1, 1, 1, 1, 0, '{\"model\":\"TCG\\\\Voyager\\\\Models\\\\Role\",\"table\":\"roles\",\"type\":\"belongsToMany\",\"column\":\"id\",\"key\":\"id\",\"label\":\"display_name\",\"pivot_table\":\"user_roles\",\"pivot\":\"1\",\"taggable\":\"0\"}', 11),
(11, 1, 'settings', 'hidden', 'Settings', 0, 0, 0, 0, 0, 0, NULL, 12),
(12, 2, 'id', 'number', 'ID', 1, 0, 0, 0, 0, 0, NULL, 1),
(13, 2, 'name', 'text', 'Name', 1, 1, 1, 1, 1, 1, NULL, 2),
(14, 2, 'created_at', 'timestamp', 'Created At', 0, 0, 0, 0, 0, 0, NULL, 3),
(15, 2, 'updated_at', 'timestamp', 'Updated At', 0, 0, 0, 0, 0, 0, NULL, 4),
(16, 3, 'id', 'number', 'ID', 1, 0, 0, 0, 0, 0, NULL, 1),
(17, 3, 'name', 'text', 'Name', 1, 1, 1, 1, 1, 1, NULL, 2),
(18, 3, 'created_at', 'timestamp', 'Created At', 0, 0, 0, 0, 0, 0, NULL, 3),
(19, 3, 'updated_at', 'timestamp', 'Updated At', 0, 0, 0, 0, 0, 0, NULL, 4),
(20, 3, 'display_name', 'text', 'Display Name', 1, 1, 1, 1, 1, 1, NULL, 5),
(21, 1, 'role_id', 'text', 'Role', 1, 1, 1, 1, 1, 1, NULL, 9),
(22, 4, 'id', 'number', 'ID', 1, 0, 0, 0, 0, 0, NULL, 1),
(23, 4, 'parent_id', 'select_dropdown', 'Parent', 0, 0, 1, 1, 1, 1, '{\"default\":\"\",\"null\":\"\",\"options\":{\"\":\"-- None --\"},\"relationship\":{\"key\":\"id\",\"label\":\"name\"}}', 2),
(24, 4, 'order', 'text', 'Order', 1, 1, 1, 1, 1, 1, '{\"default\":1}', 3),
(25, 4, 'name', 'text', 'Name', 1, 1, 1, 1, 1, 1, NULL, 4),
(26, 4, 'slug', 'text', 'Slug', 1, 1, 1, 1, 1, 1, '{\"slugify\":{\"origin\":\"name\"}}', 5),
(27, 4, 'created_at', 'timestamp', 'Created At', 0, 0, 1, 0, 0, 0, NULL, 6),
(28, 4, 'updated_at', 'timestamp', 'Updated At', 0, 0, 0, 0, 0, 0, NULL, 7),
(29, 5, 'id', 'number', 'ID', 1, 0, 0, 0, 0, 0, NULL, 1),
(30, 5, 'author_id', 'text', 'Author', 1, 0, 1, 1, 0, 1, NULL, 2),
(31, 5, 'category_id', 'text', 'Category', 1, 0, 1, 1, 1, 0, NULL, 3),
(32, 5, 'title', 'text', 'Title', 1, 1, 1, 1, 1, 1, NULL, 4),
(33, 5, 'excerpt', 'text_area', 'Excerpt', 1, 0, 1, 1, 1, 1, NULL, 5),
(34, 5, 'body', 'rich_text_box', 'Body', 1, 0, 1, 1, 1, 1, NULL, 6),
(35, 5, 'image', 'image', 'Post Image', 0, 1, 1, 1, 1, 1, '{\"resize\":{\"width\":\"1000\",\"height\":\"null\"},\"quality\":\"70%\",\"upsize\":true,\"thumbnails\":[{\"name\":\"medium\",\"scale\":\"50%\"},{\"name\":\"small\",\"scale\":\"25%\"},{\"name\":\"cropped\",\"crop\":{\"width\":\"300\",\"height\":\"250\"}}]}', 7),
(36, 5, 'slug', 'text', 'Slug', 1, 0, 1, 1, 1, 1, '{\"slugify\":{\"origin\":\"title\",\"forceUpdate\":true},\"validation\":{\"rule\":\"unique:posts,slug\"}}', 8),
(37, 5, 'meta_description', 'text_area', 'Meta Description', 1, 0, 1, 1, 1, 1, NULL, 9),
(38, 5, 'meta_keywords', 'text_area', 'Meta Keywords', 1, 0, 1, 1, 1, 1, NULL, 10),
(39, 5, 'status', 'select_dropdown', 'Status', 1, 1, 1, 1, 1, 1, '{\"default\":\"DRAFT\",\"options\":{\"PUBLISHED\":\"published\",\"DRAFT\":\"draft\",\"PENDING\":\"pending\"}}', 11),
(40, 5, 'created_at', 'timestamp', 'Created At', 0, 1, 1, 0, 0, 0, NULL, 12),
(41, 5, 'updated_at', 'timestamp', 'Updated At', 0, 0, 0, 0, 0, 0, NULL, 13),
(42, 5, 'seo_title', 'text', 'SEO Title', 0, 1, 1, 1, 1, 1, NULL, 14),
(43, 5, 'featured', 'checkbox', 'Featured', 1, 1, 1, 1, 1, 1, NULL, 15),
(44, 6, 'id', 'number', 'ID', 1, 0, 0, 0, 0, 0, NULL, 1),
(45, 6, 'author_id', 'text', 'Author', 1, 0, 0, 0, 0, 0, NULL, 2),
(46, 6, 'title', 'text', 'Title', 1, 1, 1, 1, 1, 1, NULL, 3),
(47, 6, 'excerpt', 'text_area', 'Excerpt', 1, 0, 1, 1, 1, 1, NULL, 4),
(48, 6, 'body', 'rich_text_box', 'Body', 1, 0, 1, 1, 1, 1, NULL, 5),
(49, 6, 'slug', 'text', 'Slug', 1, 0, 1, 1, 1, 1, '{\"slugify\":{\"origin\":\"title\"},\"validation\":{\"rule\":\"unique:pages,slug\"}}', 6),
(50, 6, 'meta_description', 'text', 'Meta Description', 1, 0, 1, 1, 1, 1, NULL, 7),
(51, 6, 'meta_keywords', 'text', 'Meta Keywords', 1, 0, 1, 1, 1, 1, NULL, 8),
(52, 6, 'status', 'select_dropdown', 'Status', 1, 1, 1, 1, 1, 1, '{\"default\":\"INACTIVE\",\"options\":{\"INACTIVE\":\"INACTIVE\",\"ACTIVE\":\"ACTIVE\"}}', 9),
(53, 6, 'created_at', 'timestamp', 'Created At', 1, 1, 1, 0, 0, 0, NULL, 10),
(54, 6, 'updated_at', 'timestamp', 'Updated At', 1, 0, 0, 0, 0, 0, NULL, 11),
(55, 6, 'image', 'image', 'Page Image', 0, 1, 1, 1, 1, 1, NULL, 12);

-- --------------------------------------------------------

--
-- Структура таблиці `data_types`
--

CREATE TABLE `data_types` (
  `id` int(10) UNSIGNED NOT NULL,
  `name` varchar(255) COLLATE utf8mb4_unicode_ci NOT NULL,
  `slug` varchar(255) COLLATE utf8mb4_unicode_ci NOT NULL,
  `display_name_singular` varchar(255) COLLATE utf8mb4_unicode_ci NOT NULL,
  `display_name_plural` varchar(255) COLLATE utf8mb4_unicode_ci NOT NULL,
  `icon` varchar(255) COLLATE utf8mb4_unicode_ci DEFAULT NULL,
  `model_name` varchar(255) COLLATE utf8mb4_unicode_ci DEFAULT NULL,
  `policy_name` varchar(255) COLLATE utf8mb4_unicode_ci DEFAULT NULL,
  `controller` varchar(255) COLLATE utf8mb4_unicode_ci DEFAULT NULL,
  `description` varchar(255) COLLATE utf8mb4_unicode_ci DEFAULT NULL,
  `generate_permissions` tinyint(1) NOT NULL DEFAULT '0',
  `server_side` tinyint(4) NOT NULL DEFAULT '0',
  `details` text COLLATE utf8mb4_unicode_ci,
  `created_at` timestamp NULL DEFAULT NULL,
  `updated_at` timestamp NULL DEFAULT NULL
) ENGINE=InnoDB DEFAULT CHARSET=utf8mb4 COLLATE=utf8mb4_unicode_ci;

--
-- Дамп даних таблиці `data_types`
--

INSERT INTO `data_types` (`id`, `name`, `slug`, `display_name_singular`, `display_name_plural`, `icon`, `model_name`, `policy_name`, `controller`, `description`, `generate_permissions`, `server_side`, `details`, `created_at`, `updated_at`) VALUES
(1, 'users', 'users', 'User', 'Users', 'voyager-person', 'TCG\\Voyager\\Models\\User', 'TCG\\Voyager\\Policies\\UserPolicy', 'TCG\\Voyager\\Http\\Controllers\\VoyagerUserController', '', 1, 0, NULL, '2024-11-12 10:26:08', '2024-11-12 10:26:08'),
(2, 'menus', 'menus', 'Menu', 'Menus', 'voyager-list', 'TCG\\Voyager\\Models\\Menu', NULL, '', '', 1, 0, NULL, '2024-11-12 10:26:08', '2024-11-12 10:26:08'),
(3, 'roles', 'roles', 'Role', 'Roles', 'voyager-lock', 'TCG\\Voyager\\Models\\Role', NULL, 'TCG\\Voyager\\Http\\Controllers\\VoyagerRoleController', '', 1, 0, NULL, '2024-11-12 10:26:08', '2024-11-12 10:26:08'),
(4, 'categories', 'categories', 'Category', 'Categories', 'voyager-categories', 'TCG\\Voyager\\Models\\Category', NULL, '', '', 1, 0, NULL, '2024-11-12 10:26:13', '2024-11-12 10:26:13'),
(5, 'posts', 'posts', 'Post', 'Posts', 'voyager-news', 'TCG\\Voyager\\Models\\Post', 'TCG\\Voyager\\Policies\\PostPolicy', '', '', 1, 0, NULL, '2024-11-12 10:26:14', '2024-11-12 10:26:14'),
(6, 'pages', 'pages', 'Page', 'Pages', 'voyager-file-text', 'TCG\\Voyager\\Models\\Page', NULL, '', '', 1, 0, NULL, '2024-11-12 10:26:15', '2024-11-12 10:26:15');

-- --------------------------------------------------------

--
-- Структура таблиці `failed_jobs`
--

CREATE TABLE `failed_jobs` (
  `id` bigint(20) UNSIGNED NOT NULL,
  `uuid` varchar(255) COLLATE utf8mb4_unicode_ci NOT NULL,
  `connection` text COLLATE utf8mb4_unicode_ci NOT NULL,
  `queue` text COLLATE utf8mb4_unicode_ci NOT NULL,
  `payload` longtext COLLATE utf8mb4_unicode_ci NOT NULL,
  `exception` longtext COLLATE utf8mb4_unicode_ci NOT NULL,
  `failed_at` timestamp NOT NULL DEFAULT CURRENT_TIMESTAMP
) ENGINE=InnoDB DEFAULT CHARSET=utf8mb4 COLLATE=utf8mb4_unicode_ci;

-- --------------------------------------------------------

--
-- Структура таблиці `jobs`
--

CREATE TABLE `jobs` (
  `id` bigint(20) UNSIGNED NOT NULL,
  `queue` varchar(255) COLLATE utf8mb4_unicode_ci NOT NULL,
  `payload` longtext COLLATE utf8mb4_unicode_ci NOT NULL,
  `attempts` tinyint(3) UNSIGNED NOT NULL,
  `reserved_at` int(10) UNSIGNED DEFAULT NULL,
  `available_at` int(10) UNSIGNED NOT NULL,
  `created_at` int(10) UNSIGNED NOT NULL
) ENGINE=InnoDB DEFAULT CHARSET=utf8mb4 COLLATE=utf8mb4_unicode_ci;

-- --------------------------------------------------------

--
-- Структура таблиці `job_batches`
--

CREATE TABLE `job_batches` (
  `id` varchar(255) COLLATE utf8mb4_unicode_ci NOT NULL,
  `name` varchar(255) COLLATE utf8mb4_unicode_ci NOT NULL,
  `total_jobs` int(11) NOT NULL,
  `pending_jobs` int(11) NOT NULL,
  `failed_jobs` int(11) NOT NULL,
  `failed_job_ids` longtext COLLATE utf8mb4_unicode_ci NOT NULL,
  `options` mediumtext COLLATE utf8mb4_unicode_ci,
  `cancelled_at` int(11) DEFAULT NULL,
  `created_at` int(11) NOT NULL,
  `finished_at` int(11) DEFAULT NULL
) ENGINE=InnoDB DEFAULT CHARSET=utf8mb4 COLLATE=utf8mb4_unicode_ci;

-- --------------------------------------------------------

--
-- Структура таблиці `menus`
--

CREATE TABLE `menus` (
  `id` int(10) UNSIGNED NOT NULL,
  `name` varchar(255) COLLATE utf8mb4_unicode_ci NOT NULL,
  `created_at` timestamp NULL DEFAULT NULL,
  `updated_at` timestamp NULL DEFAULT NULL
) ENGINE=InnoDB DEFAULT CHARSET=utf8mb4 COLLATE=utf8mb4_unicode_ci;

--
-- Дамп даних таблиці `menus`
--

INSERT INTO `menus` (`id`, `name`, `created_at`, `updated_at`) VALUES
(1, 'admin', '2024-11-12 10:26:09', '2024-11-12 10:26:09');

-- --------------------------------------------------------

--
-- Структура таблиці `menu_items`
--

CREATE TABLE `menu_items` (
  `id` int(10) UNSIGNED NOT NULL,
  `menu_id` int(10) UNSIGNED DEFAULT NULL,
  `title` varchar(255) COLLATE utf8mb4_unicode_ci NOT NULL,
  `url` varchar(255) COLLATE utf8mb4_unicode_ci NOT NULL,
  `target` varchar(255) COLLATE utf8mb4_unicode_ci NOT NULL DEFAULT '_self',
  `icon_class` varchar(255) COLLATE utf8mb4_unicode_ci DEFAULT NULL,
  `color` varchar(255) COLLATE utf8mb4_unicode_ci DEFAULT NULL,
  `parent_id` int(11) DEFAULT NULL,
  `order` int(11) NOT NULL,
  `created_at` timestamp NULL DEFAULT NULL,
  `updated_at` timestamp NULL DEFAULT NULL,
  `route` varchar(255) COLLATE utf8mb4_unicode_ci DEFAULT NULL,
  `parameters` text COLLATE utf8mb4_unicode_ci
) ENGINE=InnoDB DEFAULT CHARSET=utf8mb4 COLLATE=utf8mb4_unicode_ci;

--
-- Дамп даних таблиці `menu_items`
--

INSERT INTO `menu_items` (`id`, `menu_id`, `title`, `url`, `target`, `icon_class`, `color`, `parent_id`, `order`, `created_at`, `updated_at`, `route`, `parameters`) VALUES
(1, 1, 'Dashboard', '', '_self', 'voyager-boat', NULL, NULL, 1, '2024-11-12 10:26:09', '2024-11-12 10:26:09', 'voyager.dashboard', NULL),
(2, 1, 'Media', '', '_self', 'voyager-images', NULL, NULL, 5, '2024-11-12 10:26:09', '2024-11-12 10:26:09', 'voyager.media.index', NULL),
(3, 1, 'Users', '', '_self', 'voyager-person', NULL, NULL, 3, '2024-11-12 10:26:09', '2024-11-12 10:26:09', 'voyager.users.index', NULL),
(4, 1, 'Roles', '', '_self', 'voyager-lock', NULL, NULL, 2, '2024-11-12 10:26:10', '2024-11-12 10:26:10', 'voyager.roles.index', NULL),
(5, 1, 'Tools', '', '_self', 'voyager-tools', NULL, NULL, 9, '2024-11-12 10:26:10', '2024-11-12 10:26:10', NULL, NULL),
(6, 1, 'Menu Builder', '', '_self', 'voyager-list', NULL, 5, 10, '2024-11-12 10:26:10', '2024-11-12 10:26:10', 'voyager.menus.index', NULL),
(7, 1, 'Database', '', '_self', 'voyager-data', NULL, 5, 11, '2024-11-12 10:26:10', '2024-11-12 10:26:10', 'voyager.database.index', NULL),
(8, 1, 'Compass', '', '_self', 'voyager-compass', NULL, 5, 12, '2024-11-12 10:26:10', '2024-11-12 10:26:10', 'voyager.compass.index', NULL),
(9, 1, 'BREAD', '', '_self', 'voyager-bread', NULL, 5, 13, '2024-11-12 10:26:10', '2024-11-12 10:26:10', 'voyager.bread.index', NULL),
(10, 1, 'Settings', '', '_self', 'voyager-settings', NULL, NULL, 14, '2024-11-12 10:26:10', '2024-11-12 10:26:10', 'voyager.settings.index', NULL),
(11, 1, 'Categories', '', '_self', 'voyager-categories', NULL, NULL, 8, '2024-11-12 10:26:13', '2024-11-12 10:26:13', 'voyager.categories.index', NULL),
(12, 1, 'Posts', '', '_self', 'voyager-news', NULL, NULL, 6, '2024-11-12 10:26:15', '2024-11-12 10:26:15', 'voyager.posts.index', NULL),
(13, 1, 'Pages', '', '_self', 'voyager-file-text', NULL, NULL, 7, '2024-11-12 10:26:16', '2024-11-12 10:26:16', 'voyager.pages.index', NULL);

-- --------------------------------------------------------

--
-- Структура таблиці `migrations`
--

CREATE TABLE `migrations` (
  `id` int(10) UNSIGNED NOT NULL,
  `migration` varchar(255) COLLATE utf8mb4_unicode_ci NOT NULL,
  `batch` int(11) NOT NULL
) ENGINE=InnoDB DEFAULT CHARSET=utf8mb4 COLLATE=utf8mb4_unicode_ci;

--
-- Дамп даних таблиці `migrations`
--

INSERT INTO `migrations` (`id`, `migration`, `batch`) VALUES
(1, '0001_01_01_000000_create_users_table', 1),
(2, '0001_01_01_000001_create_cache_table', 1),
(3, '0001_01_01_000002_create_jobs_table', 1),
(4, '2024_11_12_101223_add_two_factor_columns_to_users_table', 1),
(5, '2024_11_12_101258_create_personal_access_tokens_table', 1),
(6, '2016_01_01_000000_add_voyager_user_fields', 2),
(7, '2016_01_01_000000_create_data_types_table', 2),
(8, '2016_05_19_173453_create_menu_table', 2),
(9, '2016_10_21_190000_create_roles_table', 2),
(10, '2016_10_21_190000_create_settings_table', 2),
(11, '2016_11_30_135954_create_permission_table', 2),
(12, '2016_11_30_141208_create_permission_role_table', 2),
(13, '2016_12_26_201236_data_types__add__server_side', 2),
(14, '2017_01_13_000000_add_route_to_menu_items_table', 2),
(15, '2017_01_14_005015_create_translations_table', 2),
(16, '2017_01_15_000000_make_table_name_nullable_in_permissions_table', 2),
(17, '2017_03_06_000000_add_controller_to_data_types_table', 2),
(18, '2017_04_21_000000_add_order_to_data_rows_table', 2),
(19, '2017_07_05_210000_add_policyname_to_data_types_table', 2),
(20, '2017_08_05_000000_add_group_to_settings_table', 2),
(21, '2017_11_26_013050_add_user_role_relationship', 2),
(22, '2017_11_26_015000_create_user_roles_table', 2),
(23, '2018_03_11_000000_add_user_settings', 2),
(24, '2018_03_14_000000_add_details_to_data_types_table', 2),
(25, '2018_03_16_000000_make_settings_value_nullable', 2),
(26, '2016_01_01_000000_create_pages_table', 3),
(27, '2016_01_01_000000_create_posts_table', 3),
(28, '2016_02_15_204651_create_categories_table', 3),
(29, '2017_04_11_000000_alter_post_nullable_fields_table', 3);

-- --------------------------------------------------------

--
-- Структура таблиці `pages`
--

CREATE TABLE `pages` (
  `id` int(10) UNSIGNED NOT NULL,
  `author_id` int(11) NOT NULL,
  `title` varchar(255) COLLATE utf8mb4_unicode_ci NOT NULL,
  `excerpt` text COLLATE utf8mb4_unicode_ci,
  `body` text COLLATE utf8mb4_unicode_ci,
  `image` varchar(255) COLLATE utf8mb4_unicode_ci DEFAULT NULL,
  `slug` varchar(255) COLLATE utf8mb4_unicode_ci NOT NULL,
  `meta_description` text COLLATE utf8mb4_unicode_ci,
  `meta_keywords` text COLLATE utf8mb4_unicode_ci,
  `status` enum('ACTIVE','INACTIVE') COLLATE utf8mb4_unicode_ci NOT NULL DEFAULT 'INACTIVE',
  `created_at` timestamp NULL DEFAULT NULL,
  `updated_at` timestamp NULL DEFAULT NULL
) ENGINE=InnoDB DEFAULT CHARSET=utf8mb4 COLLATE=utf8mb4_unicode_ci;

--
-- Дамп даних таблиці `pages`
--

INSERT INTO `pages` (`id`, `author_id`, `title`, `excerpt`, `body`, `image`, `slug`, `meta_description`, `meta_keywords`, `status`, `created_at`, `updated_at`) VALUES
(1, 0, 'Hello World', 'Hang the jib grog grog blossom grapple dance the hempen jig gangway pressgang bilge rat to go on account lugger. Nelsons folly gabion line draught scallywag fire ship gaff fluke fathom case shot. Sea Legs bilge rat sloop matey gabion long clothes run a shot across the bow Gold Road cog league.', '<p>Hello World. Scallywag grog swab Cat o\'nine tails scuttle rigging hardtack cable nipper Yellow Jack. Handsomely spirits knave lad killick landlubber or just lubber deadlights chantey pinnace crack Jennys tea cup. Provost long clothes black spot Yellow Jack bilged on her anchor league lateen sail case shot lee tackle.</p>\n<p>Ballast spirits fluke topmast me quarterdeck schooner landlubber or just lubber gabion belaying pin. Pinnace stern galleon starboard warp carouser to go on account dance the hempen jig jolly boat measured fer yer chains. Man-of-war fire in the hole nipperkin handsomely doubloon barkadeer Brethren of the Coast gibbet driver squiffy.</p>', 'pages/page1.jpg', 'hello-world', 'Yar Meta Description', 'Keyword1, Keyword2', 'ACTIVE', '2024-11-12 10:26:16', '2024-11-12 10:26:16');

-- --------------------------------------------------------

--
-- Структура таблиці `password_reset_tokens`
--

CREATE TABLE `password_reset_tokens` (
  `email` varchar(255) COLLATE utf8mb4_unicode_ci NOT NULL,
  `token` varchar(255) COLLATE utf8mb4_unicode_ci NOT NULL,
  `created_at` timestamp NULL DEFAULT NULL
) ENGINE=InnoDB DEFAULT CHARSET=utf8mb4 COLLATE=utf8mb4_unicode_ci;

-- --------------------------------------------------------

--
-- Структура таблиці `permissions`
--

CREATE TABLE `permissions` (
  `id` bigint(20) UNSIGNED NOT NULL,
  `key` varchar(255) COLLATE utf8mb4_unicode_ci NOT NULL,
  `table_name` varchar(255) COLLATE utf8mb4_unicode_ci DEFAULT NULL,
  `created_at` timestamp NULL DEFAULT NULL,
  `updated_at` timestamp NULL DEFAULT NULL
) ENGINE=InnoDB DEFAULT CHARSET=utf8mb4 COLLATE=utf8mb4_unicode_ci;

--
-- Дамп даних таблиці `permissions`
--

INSERT INTO `permissions` (`id`, `key`, `table_name`, `created_at`, `updated_at`) VALUES
(1, 'browse_admin', NULL, '2024-11-12 10:26:10', '2024-11-12 10:26:10'),
(2, 'browse_bread', NULL, '2024-11-12 10:26:10', '2024-11-12 10:26:10'),
(3, 'browse_database', NULL, '2024-11-12 10:26:10', '2024-11-12 10:26:10'),
(4, 'browse_media', NULL, '2024-11-12 10:26:10', '2024-11-12 10:26:10'),
(5, 'browse_compass', NULL, '2024-11-12 10:26:11', '2024-11-12 10:26:11'),
(6, 'browse_menus', 'menus', '2024-11-12 10:26:11', '2024-11-12 10:26:11'),
(7, 'read_menus', 'menus', '2024-11-12 10:26:11', '2024-11-12 10:26:11'),
(8, 'edit_menus', 'menus', '2024-11-12 10:26:11', '2024-11-12 10:26:11'),
(9, 'add_menus', 'menus', '2024-11-12 10:26:11', '2024-11-12 10:26:11'),
(10, 'delete_menus', 'menus', '2024-11-12 10:26:11', '2024-11-12 10:26:11'),
(11, 'browse_roles', 'roles', '2024-11-12 10:26:11', '2024-11-12 10:26:11'),
(12, 'read_roles', 'roles', '2024-11-12 10:26:11', '2024-11-12 10:26:11'),
(13, 'edit_roles', 'roles', '2024-11-12 10:26:11', '2024-11-12 10:26:11'),
(14, 'add_roles', 'roles', '2024-11-12 10:26:11', '2024-11-12 10:26:11'),
(15, 'delete_roles', 'roles', '2024-11-12 10:26:11', '2024-11-12 10:26:11'),
(16, 'browse_users', 'users', '2024-11-12 10:26:11', '2024-11-12 10:26:11'),
(17, 'read_users', 'users', '2024-11-12 10:26:11', '2024-11-12 10:26:11'),
(18, 'edit_users', 'users', '2024-11-12 10:26:11', '2024-11-12 10:26:11'),
(19, 'add_users', 'users', '2024-11-12 10:26:11', '2024-11-12 10:26:11'),
(20, 'delete_users', 'users', '2024-11-12 10:26:11', '2024-11-12 10:26:11'),
(21, 'browse_settings', 'settings', '2024-11-12 10:26:11', '2024-11-12 10:26:11'),
(22, 'read_settings', 'settings', '2024-11-12 10:26:11', '2024-11-12 10:26:11'),
(23, 'edit_settings', 'settings', '2024-11-12 10:26:11', '2024-11-12 10:26:11'),
(24, 'add_settings', 'settings', '2024-11-12 10:26:11', '2024-11-12 10:26:11'),
(25, 'delete_settings', 'settings', '2024-11-12 10:26:11', '2024-11-12 10:26:11'),
(26, 'browse_categories', 'categories', '2024-11-12 10:26:13', '2024-11-12 10:26:13'),
(27, 'read_categories', 'categories', '2024-11-12 10:26:13', '2024-11-12 10:26:13'),
(28, 'edit_categories', 'categories', '2024-11-12 10:26:13', '2024-11-12 10:26:13'),
(29, 'add_categories', 'categories', '2024-11-12 10:26:13', '2024-11-12 10:26:13'),
(30, 'delete_categories', 'categories', '2024-11-12 10:26:13', '2024-11-12 10:26:13'),
(31, 'browse_posts', 'posts', '2024-11-12 10:26:15', '2024-11-12 10:26:15'),
(32, 'read_posts', 'posts', '2024-11-12 10:26:15', '2024-11-12 10:26:15'),
(33, 'edit_posts', 'posts', '2024-11-12 10:26:15', '2024-11-12 10:26:15'),
(34, 'add_posts', 'posts', '2024-11-12 10:26:15', '2024-11-12 10:26:15'),
(35, 'delete_posts', 'posts', '2024-11-12 10:26:15', '2024-11-12 10:26:15'),
(36, 'browse_pages', 'pages', '2024-11-12 10:26:16', '2024-11-12 10:26:16'),
(37, 'read_pages', 'pages', '2024-11-12 10:26:16', '2024-11-12 10:26:16'),
(38, 'edit_pages', 'pages', '2024-11-12 10:26:16', '2024-11-12 10:26:16'),
(39, 'add_pages', 'pages', '2024-11-12 10:26:16', '2024-11-12 10:26:16'),
(40, 'delete_pages', 'pages', '2024-11-12 10:26:16', '2024-11-12 10:26:16');

-- --------------------------------------------------------

--
-- Структура таблиці `permission_role`
--

CREATE TABLE `permission_role` (
  `permission_id` bigint(20) UNSIGNED NOT NULL,
  `role_id` bigint(20) UNSIGNED NOT NULL
) ENGINE=InnoDB DEFAULT CHARSET=utf8mb4 COLLATE=utf8mb4_unicode_ci;

--
-- Дамп даних таблиці `permission_role`
--

INSERT INTO `permission_role` (`permission_id`, `role_id`) VALUES
(1, 1),
(2, 1),
(3, 1),
(4, 1),
(5, 1),
(6, 1),
(7, 1),
(8, 1),
(9, 1),
(10, 1),
(11, 1),
(12, 1),
(13, 1),
(14, 1),
(15, 1),
(16, 1),
(17, 1),
(18, 1),
(19, 1),
(20, 1),
(21, 1),
(22, 1),
(23, 1),
(24, 1),
(25, 1),
(26, 1),
(27, 1),
(28, 1),
(29, 1),
(30, 1),
(31, 1),
(32, 1),
(33, 1),
(34, 1),
(35, 1),
(36, 1),
(37, 1),
(38, 1),
(39, 1),
(40, 1);

-- --------------------------------------------------------

--
-- Структура таблиці `personal_access_tokens`
--

CREATE TABLE `personal_access_tokens` (
  `id` bigint(20) UNSIGNED NOT NULL,
  `tokenable_type` varchar(255) COLLATE utf8mb4_unicode_ci NOT NULL,
  `tokenable_id` bigint(20) UNSIGNED NOT NULL,
  `name` varchar(255) COLLATE utf8mb4_unicode_ci NOT NULL,
  `token` varchar(64) COLLATE utf8mb4_unicode_ci NOT NULL,
  `abilities` text COLLATE utf8mb4_unicode_ci,
  `last_used_at` timestamp NULL DEFAULT NULL,
  `expires_at` timestamp NULL DEFAULT NULL,
  `created_at` timestamp NULL DEFAULT NULL,
  `updated_at` timestamp NULL DEFAULT NULL
) ENGINE=InnoDB DEFAULT CHARSET=utf8mb4 COLLATE=utf8mb4_unicode_ci;

-- --------------------------------------------------------

--
-- Структура таблиці `posts`
--

CREATE TABLE `posts` (
  `id` int(10) UNSIGNED NOT NULL,
  `author_id` int(11) NOT NULL,
  `category_id` int(11) DEFAULT NULL,
  `title` varchar(255) COLLATE utf8mb4_unicode_ci NOT NULL,
  `seo_title` varchar(255) COLLATE utf8mb4_unicode_ci DEFAULT NULL,
  `excerpt` text COLLATE utf8mb4_unicode_ci,
  `body` text COLLATE utf8mb4_unicode_ci NOT NULL,
  `image` varchar(255) COLLATE utf8mb4_unicode_ci DEFAULT NULL,
  `slug` varchar(255) COLLATE utf8mb4_unicode_ci NOT NULL,
  `meta_description` text COLLATE utf8mb4_unicode_ci,
  `meta_keywords` text COLLATE utf8mb4_unicode_ci,
  `status` enum('PUBLISHED','DRAFT','PENDING') COLLATE utf8mb4_unicode_ci NOT NULL DEFAULT 'DRAFT',
  `featured` tinyint(1) NOT NULL DEFAULT '0',
  `created_at` timestamp NULL DEFAULT NULL,
  `updated_at` timestamp NULL DEFAULT NULL
) ENGINE=InnoDB DEFAULT CHARSET=utf8mb4 COLLATE=utf8mb4_unicode_ci;

--
-- Дамп даних таблиці `posts`
--

INSERT INTO `posts` (`id`, `author_id`, `category_id`, `title`, `seo_title`, `excerpt`, `body`, `image`, `slug`, `meta_description`, `meta_keywords`, `status`, `featured`, `created_at`, `updated_at`) VALUES
(1, 0, NULL, 'Lorem Ipsum Post', NULL, 'This is the excerpt for the Lorem Ipsum Post', '<p>This is the body of the lorem ipsum post</p>', 'posts/post1.jpg', 'lorem-ipsum-post', 'This is the meta description', 'keyword1, keyword2, keyword3', 'PUBLISHED', 0, '2024-11-12 10:26:15', '2024-11-12 10:26:15'),
(2, 0, NULL, 'My Sample Post', NULL, 'This is the excerpt for the sample Post', '<p>This is the body for the sample post, which includes the body.</p>\n                <h2>We can use all kinds of format!</h2>\n                <p>And include a bunch of other stuff.</p>', 'posts/post2.jpg', 'my-sample-post', 'Meta Description for sample post', 'keyword1, keyword2, keyword3', 'PUBLISHED', 0, '2024-11-12 10:26:15', '2024-11-12 10:26:15'),
(3, 0, NULL, 'Latest Post', NULL, 'This is the excerpt for the latest post', '<p>This is the body for the latest post</p>', 'posts/post3.jpg', 'latest-post', 'This is the meta description', 'keyword1, keyword2, keyword3', 'PUBLISHED', 0, '2024-11-12 10:26:15', '2024-11-12 10:26:15'),
(4, 0, NULL, 'Yarr Post', NULL, 'Reef sails nipperkin bring a spring upon her cable coffer jury mast spike marooned Pieces of Eight poop deck pillage. Clipper driver coxswain galleon hempen halter come about pressgang gangplank boatswain swing the lead. Nipperkin yard skysail swab lanyard Blimey bilge water ho quarter Buccaneer.', '<p>Swab deadlights Buccaneer fire ship square-rigged dance the hempen jig weigh anchor cackle fruit grog furl. Crack Jennys tea cup chase guns pressgang hearties spirits hogshead Gold Road six pounders fathom measured fer yer chains. Main sheet provost come about trysail barkadeer crimp scuttle mizzenmast brig plunder.</p>\n<p>Mizzen league keelhaul galleon tender cog chase Barbary Coast doubloon crack Jennys tea cup. Blow the man down lugsail fire ship pinnace cackle fruit line warp Admiral of the Black strike colors doubloon. Tackle Jack Ketch come about crimp rum draft scuppers run a shot across the bow haul wind maroon.</p>\n<p>Interloper heave down list driver pressgang holystone scuppers tackle scallywag bilged on her anchor. Jack Tar interloper draught grapple mizzenmast hulk knave cable transom hogshead. Gaff pillage to go on account grog aft chase guns piracy yardarm knave clap of thunder.</p>', 'posts/post4.jpg', 'yarr-post', 'this be a meta descript', 'keyword1, keyword2, keyword3', 'PUBLISHED', 0, '2024-11-12 10:26:15', '2024-11-12 10:26:15');

-- --------------------------------------------------------

--
-- Структура таблиці `roles`
--

CREATE TABLE `roles` (
  `id` bigint(20) UNSIGNED NOT NULL,
  `name` varchar(255) COLLATE utf8mb4_unicode_ci NOT NULL,
  `display_name` varchar(255) COLLATE utf8mb4_unicode_ci NOT NULL,
  `created_at` timestamp NULL DEFAULT NULL,
  `updated_at` timestamp NULL DEFAULT NULL
) ENGINE=InnoDB DEFAULT CHARSET=utf8mb4 COLLATE=utf8mb4_unicode_ci;

--
-- Дамп даних таблиці `roles`
--

INSERT INTO `roles` (`id`, `name`, `display_name`, `created_at`, `updated_at`) VALUES
(1, 'admin', 'Administrator', '2024-11-12 10:26:10', '2024-11-12 10:26:10'),
(2, 'user', 'Normal User', '2024-11-12 10:26:10', '2024-11-12 10:26:10');

-- --------------------------------------------------------

--
-- Структура таблиці `sessions`
--

CREATE TABLE `sessions` (
  `id` varchar(255) COLLATE utf8mb4_unicode_ci NOT NULL,
  `user_id` bigint(20) UNSIGNED DEFAULT NULL,
  `ip_address` varchar(45) COLLATE utf8mb4_unicode_ci DEFAULT NULL,
  `user_agent` text COLLATE utf8mb4_unicode_ci,
  `payload` longtext COLLATE utf8mb4_unicode_ci NOT NULL,
  `last_activity` int(11) NOT NULL
) ENGINE=InnoDB DEFAULT CHARSET=utf8mb4 COLLATE=utf8mb4_unicode_ci;

--
-- Дамп даних таблиці `sessions`
--

INSERT INTO `sessions` (`id`, `user_id`, `ip_address`, `user_agent`, `payload`, `last_activity`) VALUES
('BeHpo0yZYS8IkPpqj5PhcxJn7fwecgiRBusd4lKp', 1, '127.0.0.1', 'Mozilla/5.0 (Windows NT 10.0; Win64; x64; rv:132.0) Gecko/20100101 Firefox/132.0', 'YTo1OntzOjY6Il90b2tlbiI7czo0MDoiSXpCZ0JoUExWOENXNU1PQm8wT1cxYlJTTWFVWlBDcHpQamtrWmxDUiI7czo5OiJfcHJldmlvdXMiO2E6MTp7czozOiJ1cmwiO3M6MjM6Imh0dHA6Ly9sYXJhMTEubG9jL2FkbWluIjt9czo2OiJfZmxhc2giO2E6Mjp7czozOiJvbGQiO2E6MDp7fXM6MzoibmV3IjthOjA6e319czo1MDoibG9naW5fd2ViXzU5YmEzNmFkZGMyYjJmOTQwMTU4MGYwMTRjN2Y1OGVhNGUzMDk4OWQiO2k6MTtzOjIxOiJwYXNzd29yZF9oYXNoX3NhbmN0dW0iO3M6NjA6IiQyeSQxMiRMMTY5YVkvUDk1aEN0Tk9WbWFDNTl1YmNNejBqcDQ3b1JHaEVxVnNxOTlQeHo3b0laSW1paSI7fQ==', 1731414693);

-- --------------------------------------------------------

--
-- Структура таблиці `settings`
--

CREATE TABLE `settings` (
  `id` int(10) UNSIGNED NOT NULL,
  `key` varchar(255) COLLATE utf8mb4_unicode_ci NOT NULL,
  `display_name` varchar(255) COLLATE utf8mb4_unicode_ci NOT NULL,
  `value` text COLLATE utf8mb4_unicode_ci,
  `details` text COLLATE utf8mb4_unicode_ci,
  `type` varchar(255) COLLATE utf8mb4_unicode_ci NOT NULL,
  `order` int(11) NOT NULL DEFAULT '1',
  `group` varchar(255) COLLATE utf8mb4_unicode_ci DEFAULT NULL
) ENGINE=InnoDB DEFAULT CHARSET=utf8mb4 COLLATE=utf8mb4_unicode_ci;

--
-- Дамп даних таблиці `settings`
--

INSERT INTO `settings` (`id`, `key`, `display_name`, `value`, `details`, `type`, `order`, `group`) VALUES
(1, 'site.title', 'Site Title', 'Site Title', '', 'text', 1, 'Site'),
(2, 'site.description', 'Site Description', 'Site Description', '', 'text', 2, 'Site'),
(3, 'site.logo', 'Site Logo', '', '', 'image', 3, 'Site'),
(4, 'site.google_analytics_tracking_id', 'Google Analytics Tracking ID', '', '', 'text', 4, 'Site'),
(5, 'admin.bg_image', 'Admin Background Image', '', '', 'image', 5, 'Admin'),
(6, 'admin.title', 'Admin Title', 'Voyager', '', 'text', 1, 'Admin'),
(7, 'admin.description', 'Admin Description', 'Welcome to Voyager. The Missing Admin for Laravel', '', 'text', 2, 'Admin'),
(8, 'admin.loader', 'Admin Loader', '', '', 'image', 3, 'Admin'),
(9, 'admin.icon_image', 'Admin Icon Image', '', '', 'image', 4, 'Admin'),
(10, 'admin.google_analytics_client_id', 'Google Analytics Client ID (used for admin dashboard)', '', '', 'text', 1, 'Admin');

-- --------------------------------------------------------

--
-- Структура таблиці `translations`
--

CREATE TABLE `translations` (
  `id` int(10) UNSIGNED NOT NULL,
  `table_name` varchar(255) COLLATE utf8mb4_unicode_ci NOT NULL,
  `column_name` varchar(255) COLLATE utf8mb4_unicode_ci NOT NULL,
  `foreign_key` int(10) UNSIGNED NOT NULL,
  `locale` varchar(255) COLLATE utf8mb4_unicode_ci NOT NULL,
  `value` text COLLATE utf8mb4_unicode_ci NOT NULL,
  `created_at` timestamp NULL DEFAULT NULL,
  `updated_at` timestamp NULL DEFAULT NULL
) ENGINE=InnoDB DEFAULT CHARSET=utf8mb4 COLLATE=utf8mb4_unicode_ci;

--
-- Дамп даних таблиці `translations`
--

INSERT INTO `translations` (`id`, `table_name`, `column_name`, `foreign_key`, `locale`, `value`, `created_at`, `updated_at`) VALUES
(1, 'data_types', 'display_name_singular', 5, 'pt', 'Post', '2024-11-12 10:26:16', '2024-11-12 10:26:16'),
(2, 'data_types', 'display_name_singular', 6, 'pt', 'Página', '2024-11-12 10:26:16', '2024-11-12 10:26:16'),
(3, 'data_types', 'display_name_singular', 1, 'pt', 'Utilizador', '2024-11-12 10:26:17', '2024-11-12 10:26:17'),
(4, 'data_types', 'display_name_singular', 4, 'pt', 'Categoria', '2024-11-12 10:26:17', '2024-11-12 10:26:17'),
(5, 'data_types', 'display_name_singular', 2, 'pt', 'Menu', '2024-11-12 10:26:17', '2024-11-12 10:26:17'),
(6, 'data_types', 'display_name_singular', 3, 'pt', 'Função', '2024-11-12 10:26:17', '2024-11-12 10:26:17'),
(7, 'data_types', 'display_name_plural', 5, 'pt', 'Posts', '2024-11-12 10:26:17', '2024-11-12 10:26:17'),
(8, 'data_types', 'display_name_plural', 6, 'pt', 'Páginas', '2024-11-12 10:26:17', '2024-11-12 10:26:17'),
(9, 'data_types', 'display_name_plural', 1, 'pt', 'Utilizadores', '2024-11-12 10:26:17', '2024-11-12 10:26:17'),
(10, 'data_types', 'display_name_plural', 4, 'pt', 'Categorias', '2024-11-12 10:26:17', '2024-11-12 10:26:17'),
(11, 'data_types', 'display_name_plural', 2, 'pt', 'Menus', '2024-11-12 10:26:17', '2024-11-12 10:26:17'),
(12, 'data_types', 'display_name_plural', 3, 'pt', 'Funções', '2024-11-12 10:26:17', '2024-11-12 10:26:17'),
(13, 'categories', 'slug', 1, 'pt', 'categoria-1', '2024-11-12 10:26:17', '2024-11-12 10:26:17'),
(14, 'categories', 'name', 1, 'pt', 'Categoria 1', '2024-11-12 10:26:17', '2024-11-12 10:26:17'),
(15, 'categories', 'slug', 2, 'pt', 'categoria-2', '2024-11-12 10:26:17', '2024-11-12 10:26:17'),
(16, 'categories', 'name', 2, 'pt', 'Categoria 2', '2024-11-12 10:26:17', '2024-11-12 10:26:17'),
(17, 'pages', 'title', 1, 'pt', 'Olá Mundo', '2024-11-12 10:26:17', '2024-11-12 10:26:17'),
(18, 'pages', 'slug', 1, 'pt', 'ola-mundo', '2024-11-12 10:26:17', '2024-11-12 10:26:17'),
(19, 'pages', 'body', 1, 'pt', '<p>Olá Mundo. Scallywag grog swab Cat o\'nine tails scuttle rigging hardtack cable nipper Yellow Jack. Handsomely spirits knave lad killick landlubber or just lubber deadlights chantey pinnace crack Jennys tea cup. Provost long clothes black spot Yellow Jack bilged on her anchor league lateen sail case shot lee tackle.</p>\r\n<p>Ballast spirits fluke topmast me quarterdeck schooner landlubber or just lubber gabion belaying pin. Pinnace stern galleon starboard warp carouser to go on account dance the hempen jig jolly boat measured fer yer chains. Man-of-war fire in the hole nipperkin handsomely doubloon barkadeer Brethren of the Coast gibbet driver squiffy.</p>', '2024-11-12 10:26:17', '2024-11-12 10:26:17'),
(20, 'menu_items', 'title', 1, 'pt', 'Painel de Controle', '2024-11-12 10:26:17', '2024-11-12 10:26:17'),
(21, 'menu_items', 'title', 2, 'pt', 'Media', '2024-11-12 10:26:18', '2024-11-12 10:26:18'),
(22, 'menu_items', 'title', 12, 'pt', 'Publicações', '2024-11-12 10:26:18', '2024-11-12 10:26:18'),
(23, 'menu_items', 'title', 3, 'pt', 'Utilizadores', '2024-11-12 10:26:18', '2024-11-12 10:26:18'),
(24, 'menu_items', 'title', 11, 'pt', 'Categorias', '2024-11-12 10:26:18', '2024-11-12 10:26:18'),
(25, 'menu_items', 'title', 13, 'pt', 'Páginas', '2024-11-12 10:26:18', '2024-11-12 10:26:18'),
(26, 'menu_items', 'title', 4, 'pt', 'Funções', '2024-11-12 10:26:18', '2024-11-12 10:26:18'),
(27, 'menu_items', 'title', 5, 'pt', 'Ferramentas', '2024-11-12 10:26:18', '2024-11-12 10:26:18'),
(28, 'menu_items', 'title', 6, 'pt', 'Menus', '2024-11-12 10:26:18', '2024-11-12 10:26:18'),
(29, 'menu_items', 'title', 7, 'pt', 'Base de dados', '2024-11-12 10:26:18', '2024-11-12 10:26:18'),
(30, 'menu_items', 'title', 10, 'pt', 'Configurações', '2024-11-12 10:26:18', '2024-11-12 10:26:18');

-- --------------------------------------------------------

--
-- Структура таблиці `users`
--

CREATE TABLE `users` (
  `id` bigint(20) UNSIGNED NOT NULL,
  `role_id` bigint(20) UNSIGNED NOT NULL,
  `name` varchar(255) COLLATE utf8mb4_unicode_ci NOT NULL,
  `email` varchar(255) COLLATE utf8mb4_unicode_ci NOT NULL,
  `avatar` varchar(255) COLLATE utf8mb4_unicode_ci DEFAULT 'users/default.png',
  `email_verified_at` timestamp NULL DEFAULT NULL,
  `password` varchar(255) COLLATE utf8mb4_unicode_ci NOT NULL,
  `two_factor_secret` text COLLATE utf8mb4_unicode_ci,
  `two_factor_recovery_codes` text COLLATE utf8mb4_unicode_ci,
  `two_factor_confirmed_at` timestamp NULL DEFAULT NULL,
  `remember_token` varchar(100) COLLATE utf8mb4_unicode_ci DEFAULT NULL,
  `settings` text COLLATE utf8mb4_unicode_ci,
  `current_team_id` bigint(20) UNSIGNED DEFAULT NULL,
  `profile_photo_path` varchar(2048) COLLATE utf8mb4_unicode_ci DEFAULT NULL,
  `created_at` timestamp NULL DEFAULT NULL,
  `updated_at` timestamp NULL DEFAULT NULL
) ENGINE=InnoDB DEFAULT CHARSET=utf8mb4 COLLATE=utf8mb4_unicode_ci;

--
-- Дамп даних таблиці `users`
--

INSERT INTO `users` (`id`, `role_id`, `name`, `email`, `avatar`, `email_verified_at`, `password`, `two_factor_secret`, `two_factor_recovery_codes`, `two_factor_confirmed_at`, `remember_token`, `settings`, `current_team_id`, `profile_photo_path`, `created_at`, `updated_at`) VALUES
(1, 1, 'Admin', 'admin@admin.com', 'users/default.png', NULL, '$2y$12$L169aY/P95hCtNOVmaC59ubcMz0jp47oRGhEqVsq99Pxz7oIZImii', NULL, NULL, NULL, 'EF3gAoPPz1u4zWZdDXdTBhmnZzCGd9cTdotCSYOIzRJio7WJHcVS5DuIJY0k', NULL, NULL, NULL, '2024-11-12 10:26:14', '2024-11-12 10:26:14');

-- --------------------------------------------------------

--
-- Структура таблиці `user_roles`
--

CREATE TABLE `user_roles` (
  `user_id` bigint(20) UNSIGNED NOT NULL,
  `role_id` bigint(20) UNSIGNED NOT NULL
) ENGINE=InnoDB DEFAULT CHARSET=utf8mb4 COLLATE=utf8mb4_unicode_ci;

--
-- Індекси збережених таблиць
--

--
-- Індекси таблиці `cache`
--
ALTER TABLE `cache`
  ADD PRIMARY KEY (`key`);

--
-- Індекси таблиці `cache_locks`
--
ALTER TABLE `cache_locks`
  ADD PRIMARY KEY (`key`);

--
-- Індекси таблиці `categories`
--
ALTER TABLE `categories`
  ADD PRIMARY KEY (`id`),
  ADD UNIQUE KEY `categories_slug_unique` (`slug`),
  ADD KEY `categories_parent_id_foreign` (`parent_id`);

--
-- Індекси таблиці `data_rows`
--
ALTER TABLE `data_rows`
  ADD PRIMARY KEY (`id`),
  ADD KEY `data_rows_data_type_id_foreign` (`data_type_id`);

--
-- Індекси таблиці `data_types`
--
ALTER TABLE `data_types`
  ADD PRIMARY KEY (`id`),
  ADD UNIQUE KEY `data_types_name_unique` (`name`),
  ADD UNIQUE KEY `data_types_slug_unique` (`slug`);

--
-- Індекси таблиці `failed_jobs`
--
ALTER TABLE `failed_jobs`
  ADD PRIMARY KEY (`id`),
  ADD UNIQUE KEY `failed_jobs_uuid_unique` (`uuid`);

--
-- Індекси таблиці `jobs`
--
ALTER TABLE `jobs`
  ADD PRIMARY KEY (`id`),
  ADD KEY `jobs_queue_index` (`queue`);

--
-- Індекси таблиці `job_batches`
--
ALTER TABLE `job_batches`
  ADD PRIMARY KEY (`id`);

--
-- Індекси таблиці `menus`
--
ALTER TABLE `menus`
  ADD PRIMARY KEY (`id`),
  ADD UNIQUE KEY `menus_name_unique` (`name`);

--
-- Індекси таблиці `menu_items`
--
ALTER TABLE `menu_items`
  ADD PRIMARY KEY (`id`),
  ADD KEY `menu_items_menu_id_foreign` (`menu_id`);

--
-- Індекси таблиці `migrations`
--
ALTER TABLE `migrations`
  ADD PRIMARY KEY (`id`);

--
-- Індекси таблиці `pages`
--
ALTER TABLE `pages`
  ADD PRIMARY KEY (`id`),
  ADD UNIQUE KEY `pages_slug_unique` (`slug`);

--
-- Індекси таблиці `password_reset_tokens`
--
ALTER TABLE `password_reset_tokens`
  ADD PRIMARY KEY (`email`);

--
-- Індекси таблиці `permissions`
--
ALTER TABLE `permissions`
  ADD PRIMARY KEY (`id`),
  ADD KEY `permissions_key_index` (`key`);

--
-- Індекси таблиці `permission_role`
--
ALTER TABLE `permission_role`
  ADD PRIMARY KEY (`permission_id`,`role_id`),
  ADD KEY `permission_role_permission_id_index` (`permission_id`),
  ADD KEY `permission_role_role_id_index` (`role_id`);

--
-- Індекси таблиці `personal_access_tokens`
--
ALTER TABLE `personal_access_tokens`
  ADD PRIMARY KEY (`id`),
  ADD UNIQUE KEY `personal_access_tokens_token_unique` (`token`),
  ADD KEY `personal_access_tokens_tokenable_type_tokenable_id_index` (`tokenable_type`,`tokenable_id`);

--
-- Індекси таблиці `posts`
--
ALTER TABLE `posts`
  ADD PRIMARY KEY (`id`),
  ADD UNIQUE KEY `posts_slug_unique` (`slug`);

--
-- Індекси таблиці `roles`
--
ALTER TABLE `roles`
  ADD PRIMARY KEY (`id`),
  ADD UNIQUE KEY `roles_name_unique` (`name`);

--
-- Індекси таблиці `sessions`
--
ALTER TABLE `sessions`
  ADD PRIMARY KEY (`id`),
  ADD KEY `sessions_user_id_index` (`user_id`),
  ADD KEY `sessions_last_activity_index` (`last_activity`);

--
-- Індекси таблиці `settings`
--
ALTER TABLE `settings`
  ADD PRIMARY KEY (`id`),
  ADD UNIQUE KEY `settings_key_unique` (`key`);

--
-- Індекси таблиці `translations`
--
ALTER TABLE `translations`
  ADD PRIMARY KEY (`id`),
  ADD UNIQUE KEY `translations_table_name_column_name_foreign_key_locale_unique` (`table_name`,`column_name`,`foreign_key`,`locale`);

--
-- Індекси таблиці `users`
--
ALTER TABLE `users`
  ADD PRIMARY KEY (`id`),
  ADD UNIQUE KEY `users_email_unique` (`email`),
  ADD KEY `users_role_id_foreign` (`role_id`);

--
-- Індекси таблиці `user_roles`
--
ALTER TABLE `user_roles`
  ADD PRIMARY KEY (`user_id`,`role_id`),
  ADD KEY `user_roles_user_id_index` (`user_id`),
  ADD KEY `user_roles_role_id_index` (`role_id`);

--
-- AUTO_INCREMENT для збережених таблиць
--

--
-- AUTO_INCREMENT для таблиці `categories`
--
ALTER TABLE `categories`
  MODIFY `id` int(10) UNSIGNED NOT NULL AUTO_INCREMENT, AUTO_INCREMENT=3;

--
-- AUTO_INCREMENT для таблиці `data_rows`
--
ALTER TABLE `data_rows`
  MODIFY `id` int(10) UNSIGNED NOT NULL AUTO_INCREMENT, AUTO_INCREMENT=56;

--
-- AUTO_INCREMENT для таблиці `data_types`
--
ALTER TABLE `data_types`
  MODIFY `id` int(10) UNSIGNED NOT NULL AUTO_INCREMENT, AUTO_INCREMENT=7;

--
-- AUTO_INCREMENT для таблиці `failed_jobs`
--
ALTER TABLE `failed_jobs`
  MODIFY `id` bigint(20) UNSIGNED NOT NULL AUTO_INCREMENT;

--
-- AUTO_INCREMENT для таблиці `jobs`
--
ALTER TABLE `jobs`
  MODIFY `id` bigint(20) UNSIGNED NOT NULL AUTO_INCREMENT;

--
-- AUTO_INCREMENT для таблиці `menus`
--
ALTER TABLE `menus`
  MODIFY `id` int(10) UNSIGNED NOT NULL AUTO_INCREMENT, AUTO_INCREMENT=2;

--
-- AUTO_INCREMENT для таблиці `menu_items`
--
ALTER TABLE `menu_items`
  MODIFY `id` int(10) UNSIGNED NOT NULL AUTO_INCREMENT, AUTO_INCREMENT=14;

--
-- AUTO_INCREMENT для таблиці `migrations`
--
ALTER TABLE `migrations`
  MODIFY `id` int(10) UNSIGNED NOT NULL AUTO_INCREMENT, AUTO_INCREMENT=30;

--
-- AUTO_INCREMENT для таблиці `pages`
--
ALTER TABLE `pages`
  MODIFY `id` int(10) UNSIGNED NOT NULL AUTO_INCREMENT, AUTO_INCREMENT=2;

--
-- AUTO_INCREMENT для таблиці `permissions`
--
ALTER TABLE `permissions`
  MODIFY `id` bigint(20) UNSIGNED NOT NULL AUTO_INCREMENT, AUTO_INCREMENT=41;

--
-- AUTO_INCREMENT для таблиці `personal_access_tokens`
--
ALTER TABLE `personal_access_tokens`
  MODIFY `id` bigint(20) UNSIGNED NOT NULL AUTO_INCREMENT;

--
-- AUTO_INCREMENT для таблиці `posts`
--
ALTER TABLE `posts`
  MODIFY `id` int(10) UNSIGNED NOT NULL AUTO_INCREMENT, AUTO_INCREMENT=5;

--
-- AUTO_INCREMENT для таблиці `roles`
--
ALTER TABLE `roles`
  MODIFY `id` bigint(20) UNSIGNED NOT NULL AUTO_INCREMENT, AUTO_INCREMENT=3;

--
-- AUTO_INCREMENT для таблиці `settings`
--
ALTER TABLE `settings`
  MODIFY `id` int(10) UNSIGNED NOT NULL AUTO_INCREMENT, AUTO_INCREMENT=11;

--
-- AUTO_INCREMENT для таблиці `translations`
--
ALTER TABLE `translations`
  MODIFY `id` int(10) UNSIGNED NOT NULL AUTO_INCREMENT, AUTO_INCREMENT=31;

--
-- AUTO_INCREMENT для таблиці `users`
--
ALTER TABLE `users`
  MODIFY `id` bigint(20) UNSIGNED NOT NULL AUTO_INCREMENT, AUTO_INCREMENT=2;

--
-- Обмеження зовнішнього ключа збережених таблиць
--

--
-- Обмеження зовнішнього ключа таблиці `categories`
--
ALTER TABLE `categories`
  ADD CONSTRAINT `categories_parent_id_foreign` FOREIGN KEY (`parent_id`) REFERENCES `categories` (`id`) ON DELETE SET NULL ON UPDATE CASCADE;

--
-- Обмеження зовнішнього ключа таблиці `data_rows`
--
ALTER TABLE `data_rows`
  ADD CONSTRAINT `data_rows_data_type_id_foreign` FOREIGN KEY (`data_type_id`) REFERENCES `data_types` (`id`) ON DELETE CASCADE ON UPDATE CASCADE;

--
-- Обмеження зовнішнього ключа таблиці `menu_items`
--
ALTER TABLE `menu_items`
  ADD CONSTRAINT `menu_items_menu_id_foreign` FOREIGN KEY (`menu_id`) REFERENCES `menus` (`id`) ON DELETE CASCADE;

--
-- Обмеження зовнішнього ключа таблиці `permission_role`
--
ALTER TABLE `permission_role`
  ADD CONSTRAINT `permission_role_permission_id_foreign` FOREIGN KEY (`permission_id`) REFERENCES `permissions` (`id`) ON DELETE CASCADE,
  ADD CONSTRAINT `permission_role_role_id_foreign` FOREIGN KEY (`role_id`) REFERENCES `roles` (`id`) ON DELETE CASCADE;

--
-- Обмеження зовнішнього ключа таблиці `users`
--
ALTER TABLE `users`
  ADD CONSTRAINT `users_role_id_foreign` FOREIGN KEY (`role_id`) REFERENCES `roles` (`id`);

--
-- Обмеження зовнішнього ключа таблиці `user_roles`
--
ALTER TABLE `user_roles`
  ADD CONSTRAINT `user_roles_role_id_foreign` FOREIGN KEY (`role_id`) REFERENCES `roles` (`id`) ON DELETE CASCADE,
  ADD CONSTRAINT `user_roles_user_id_foreign` FOREIGN KEY (`user_id`) REFERENCES `users` (`id`) ON DELETE CASCADE;
COMMIT;

/*!40101 SET CHARACTER_SET_CLIENT=@OLD_CHARACTER_SET_CLIENT */;
/*!40101 SET CHARACTER_SET_RESULTS=@OLD_CHARACTER_SET_RESULTS */;
/*!40101 SET COLLATION_CONNECTION=@OLD_COLLATION_CONNECTION */;
